,,,,,,,,,,,,,,,,,,,,,1,49.78
Agathi leaves (Sesbania grandiflora),1,295,74.43,8.01,1.35,5.21,8.6,6,2.6,2.42,0.007,0.25,1,3.92,901,0.001,4.36,0.013,30.7,18.12,1.77,1
Allathi (Elops machnata),1,,75.91,21.77,0.98,,406,,,1.06,0.62,,1,13.78,0.03,0.012,,,,,,1
Almond (Prunus amygdalus),6,2549,4.37,18.41,58.49,3.04,13.06,10.55,2.52,2.62,0.006,0.007,6,0.88,10.2,228,1.08,4.59,0.002,0.001,25.86,6
Aluva  (Parastromateus niger),3,,75.71,21.63,1.8,,434,17,,1.39,,,,,,,,,,,,
Aluva (Parastromateus niger),,,,,,,,,,,0.001,0.04,3,0.001,0.011,11.32,0.42,0.004,0.003,,,3
"Amaranth leaves, green (Amaranthus gangeticus)",6,128,86.85,3.29,0.65,2.28,4.41,3.21,1.2,2.52,,,,,,,,,,,,
"Amaranth leaves, red (Amaranthus gangeticus)",1,140,85.56,3.93,0.63,2.37,4.91,3.72,1.19,2.61,,,,,,,,,,,,
"Amaranth leaves, red and green (Amaranthus gangeticus)",,,,,,,,,,,,,,,,,,,,,,
"Amaranth seed, black (Amaranthus cruentus)",,,,,,,,,,,,,,,,,,,,,,
"Amaranth seed, pale brown (Amaranthus cruentus)",,,,,,,,,,,,,,,,,,,,,,
Anchovy  (Stolephorus indicus),2,,77.77,19.88,0.78,,367,,,1.62,,,,,,,,,,,,2
Anchovy (Stolephorus indicus),,,,,,,,,,,0.04,0.54,2,0.003,0.016,36.6,0.011,,,,,
"Apple, big (Malus domestica )",,,,,,,,,,,13.68,0.007,6,0.23,0.04,0.96,0.261,0.04,0.26,0.058,,
"Apple, big (Malus domestica)",6,261,83.01,0.29,0.64,13.11,2.59,1.43,1.16,0.36,,,,,,,,,,,,6
"Apple, green (Malus domestica )",,,,,,,,,,,0.2,0.25,6,6.53,0.33,0.002,1.47,0.08,,,,
"Apple, green (Malus domestica)",6,214,85.54,0.46,0.5,10.65,2.54,1.72,0.81,0.31,,,,,,,,,,,,6
"Apple, small (Malus ) domestica",,,,,,,,,,,5.39,0.005,6,0.08,0.19,0.03,0.06,0.25,0.002,0.001,,
"Apple, small (Malus domestica )",,,,,,,,,,,0.002,8.39,6,5.48,0.003,0.04,100,9.1,0.23,1.45,,
"Apple, small (Malus domestica)",6,267,82.91,0.31,0.53,13.95,2.06,1.44,0.62,0.24,,,,,,,,,,,,6
"Apple, small, Kashmir ( ) Malus domestica",1,269,82.79,0.27,0.6,13.99,2.07,1.53,0.54,0.29,,,,,,,,,,,,
"Apple, small, Kashmir (Malus domestica)",,,,,,,,,,,,,,,,,,,,,,1
"Apricot, dried (Prunus armeniaca)",6,1321,16.68,3.17,0.74,72.63,3.32,2.72,0.6,3.46,0.016,0.002,6,2.11,28.57,0.88,0.43,2.5,0.008,0.002,0.11,6
"Apricot, processed (Prunus armeniaca)",3,236,85.75,1.47,0.64,10.93,0.59,0.43,0.16,0.61,0.006,0.003,3,0.8,5.42,0.26,0.42,1.12,0.002,1.6,0.01,3
"Arecanut, dried, brown (Areca catechu)",6,1467,6.63,5.78,4.35,70.42,11.44,10.14,1.3,1.39,0.045,0.003,6,1.68,13.25,61,1.27,2.74,0.008,0.004,,6
"Arecanut, dried, red color (Areca catechu)",3,1477,6.3,6.46,4.46,70.27,11.11,10.09,1.03,1.41,,,,,,,,,,,,3
"Arecanut, fresh (Areca catechu)",2,1024,37.7,2.73,5.51,45,7.63,6.59,1.03,1.43,329,5.53,2,34.03,1.04,0.71,0.56,,,,,2
Ari fish  (Aprion virescens ),1,,77.09,22.01,1.11,,415,,,1.34,,,,,,,,,,,,1
Ari fish  (Aprion virescens),,,,,,,,,,,,,,,,,,,,,,
Ari fish (Aprion virescens ),,,,,,,,,,,0.47,0.002,1,4.36,0.02,0.002,,,,,,
Asafoetida (Ferula assa-foetida),6,1387,9.42,6.34,1.26,71.95,5.13,3.9,1.23,5.9,266,41.4,6,4.76,0.001,2.13,0.051,0.022,0.22,15.68,,6
Ash gourd (Benincasa hispida),6,73,92.17,0.79,0.14,2.84,3.37,2.52,0.85,0.7,0.008,29.07,6,19.95,0.008,0.09,372,82,1.15,0.77,,6
Avocado fruit ( )Persea sp.,1,604,73.56,2.95,13.86,1.75,6.69,5.26,1.42,1.19,377,2.81,1,48.14,63.14,0.74,0.75,,,,,1
Avocado fruit (Persea ) sp.,,,,,,,,,,,,,,,,,,,,,,
Avocado fruit (Persea sp.),,,,,,,,,,,0.81,,1,28.48,0.39,0.002,,,,,,
Bael fruit (Aegle marmelos),1,569,61.36,2.63,0.57,28.21,6.31,3.31,3,0.91,47.95,0.002,1,0.11,0.027,0.65,0.419,0.15,0.23,0.077,,1
Bajra (Pennisetum typhoideum),,,,,,,,,,,27.35,0.025,6,2.21,0.003,0.97,0.03,0.54,6.42,0.008,,6
"Bamboo shoot, tender",,,,,,,,,,,,,,,,,,,,,,
"Bamboo shoot, tender (Bambusa vulgaris)",,,,,,,,,,,,,,,,,,,,,,1
"Banana, ripe, montham (Musa x paradisiaca)",1,463,70.13,1.25,0.32,24.95,2.21,1.43,0.78,1.15,,,,,,,,,,,,
"Banana, ripe, poovam (Musa x paradisiaca)",2,445,71.32,1.49,0.35,23.41,2.33,1.29,1.04,1.09,,,,,,,,,,,,2
"Banana, ripe, red (Musa x paradisiaca)",1,467,70.28,1.29,0.29,25.21,1.98,1.26,0.72,0.95,0.24,0.001,1,9.56,0.06,0.008,0.001,0.09,,,,1
"Banana, ripe, robusta (Musa x paradisiaca)",6,440,71.93,1.23,0.33,23.63,1.94,1.23,0.71,0.94,,,,,,,,,,,,6
Barley (Hordeum vulgare),,,,,,,,,,,0.43,1.56,6,28.64,0.027,0.029,26.8,268,20.4,18.61,,6
Basella leaves (Basella alba),2,82,92.68,1.57,0.45,2.01,2.21,1.64,0.57,1.09,93.89,0.046,2,2.69,0.002,2.75,0.006,0.12,4.2,0.006,,2
Bathua leaves (Chenopodium album),2,116,88.77,2.5,0.44,2.56,4.01,2.34,1.68,1.71,0.001,0.1,2,0.82,211,0.001,2.66,0.001,1.4,10.75,,2
"Bean scarlet, tender (Phaseolus coccineus)",5,179,85.51,2.86,0.99,5.16,4.5,3.76,0.74,0.96,,,,,,,,,,,,5
"Beef, brain",4,,78.71,10.55,9.28,,523,42,,1.37,,,4,,,,,,,,,4
"Beef, chops",4,,72.4,19.82,6.71,,585,13,,0.96,,,4,,,,,,,,,4
"Beef, heart",5,,77.77,17.68,3.57,,433,20,,0.87,,,5,,,,,,,,,5
"Beef, kidney s",,,,,,,,,,,,,,,,,,,,,,
"Beef, kidneys",3,,77.59,17.09,4.01,,439,17,,1.22,,,3,,,,,,,,,3
"Beef, liver",6,,74.15,20.73,3.96,,499,30,,1.07,,,6,,,,,,,,,6
"Beef, lungs",3,,80.83,15.66,2.28,,351,1,,1.13,,,3,,,,,,,,,3
"Beef, round (leg)",6,,68.04,22.64,7.38,,658,37,,1.19,,,6,,,,,,,,,6
"Beef, shoulder",6,,63.84,20.56,14.59,,889,12,,0.95,,,6,,,,,,,,,6
"Beef, spleen",6,,79.03,17.42,2.22,,378,16,,1.22,,,6,,,,,,,,,6
"Beef, tongue",4,,70.97,15.63,12.57,,731,32,,0.73,,,4,,,,,,,,,4
"Beef, tripe",5,,83.74,13.1,2.51,,316,25,,0.55,,,5,,,,,,,,,5
Beet greens (Beta vulgaris),6,145,86.68,2.38,0.75,3.86,3.64,2.2,1.43,2.69,46.9,0.004,6,3.53,151,0.01,0.14,5.8,0.011,49,,6
Beet root (Beta vulgaris),6,149,86.95,1.95,0.14,6.18,3.31,2.6,0.71,1.46,0.001,0.12,6,0.33,0.008,17.28,0.76,0.003,0.25,69.44,,6
"Bengal gram, dal (Cicer arietinum)",6,1377,9.18,21.55,5.31,46.72,15.15,12.67,2.48,2.1,0.024,0.82,6,0.65,0.008,46.32,6.08,0.011,0.003,957,,6
"Bengal gram, whole (Cicer arietinum)",6,1201,8.56,18.77,5.11,39.56,25.22,22.7,2.52,2.78,0.015,0.021,6,2.1,18.3,150,0.85,6.78,0.006,0.006,,6
"Betel leaves, big (Kolkata) (Piper betle)",6,202,84.93,2.51,0.75,7.37,2.12,1.32,0.8,2.33,207,14.9,6,2.01,0.002,1.17,0.026,0.003,0.24,3,10.9,6
"Betel leaves, small (Piper betle)",4,183,85.92,2.62,0.75,6.16,1.97,1.17,0.8,2.59,13.7,0.019,4,1.85,196,1.68,0.002,0.29,2.87,0.004,4.9,4
Betki,,,,,,,,,,,,,,,,,,,,,,
Betki  (Lates calcarifer),1,,82.52,15.28,0.29,,284,,,1.12,,,,,,,,,,,,
Betki (Lates calcarifer),,,,,,,,,,,0.014,0.79,1,0.01,8.84,0.27,0.31,0.002,,,,
Black berry ( )Rubus  sp.,5,227,82.94,0.92,0.63,10.64,4.35,3.44,0.91,0.52,,,,,,,,,,,,5
Black berry (Rubus ) sp.,,,,,,,,,,,,,,,,,,,,,,
Black berry (Rubus sp.),,,,,,,,,,,0.002,205,5,23.81,0.63,0.05,40.5,1.21,0.11,,,
"Black gram, dal (Phaseolus mungo)",6,1356,9.16,23.06,1.69,51,11.93,7.58,4.35,3.17,0.014,0.64,6,1.19,0.011,55.67,4.67,0.004,0.002,1157,,6
"Black gram, whole (Phaseolus mungo)",6,1219,8.7,21.97,1.58,43.99,20.41,15.47,4.94,3.35,0.018,0.76,6,2.25,0.019,86.18,5.97,0.008,0.005,1093,,6
Black snapper,,,,,,,,,,,,,,,,,,,,,,
Black snapper  (Macolor niger),1,,78.09,19.5,1.24,,377,,,1.19,0.046,0.02,1,0.17,9.91,0.08,0.56,,,,,
Black snapper (Macolor niger),,,,,,,,,,,,,,,,,,,,,,
Bombay d  u  c  k   (Harpadon nehereus),,,,,,,,,,,159,0.01,2,0.67,0.001,7.68,0.001,0.03,0.81,0.003,,
Bombay duck  (Harpadon nehereus),,,,,,,,,,,,,,,,,,,,,,
Bombay duck (Harpadon nehereus),2,,83.24,13.53,1.03,,287,,,1.07,,,,,,,,,,,,
Bommu  r a  l u   (Muraenesox cinerius),,,,,,,,,,,0.14,0.43,3,47.33,0.001,0.017,0.002,,,,,
Bommuralu,,,,,,,,,,,,,,,,,,,,,,
Bommuralu  (Muraenesox cinerius),3,,76.42,22.3,2.87,,485,14,,1.21,,,,,,,,,,,,
Bommuralu (Muraenesox cinerius),,,,,,,,,,,,,,,,,,,,,,
"Bottle gourd, elongate, dark green (Lagenaria vulgaris)",,,,,,,,,,,,,,,,,,,,,,
"Bottle gourd, elongate, pale green (Lagenaria vulgaris)",,,,,,,,,,,,,,,,,,,,,,
"Bottle gourd, round, pale green (Lagenaria vulgaris)",,,,,,,,,,,,,,,,,,,,,,
Brinjal,-1,3.49,1,89.95,0.83,1.2,0.39,3.57,2.37,1.77,0.024,39.95,-1,1,0.29,26.75,302,3.15,0.32,0.009,,-1
Brinjal - all varieties (Solanum melongena),6,106,90,1.48,0.32,3.52,3.98,2.84,1.14,0.7,,,,,,,,,,,,6
Broad beans (Vicia faba),3,123,84.2,3.85,0.15,2.11,8.63,6.61,2.03,1.05,0.002,0.2,3,0.34,0.001,64.37,0.94,0.003,9.03,20.74,,3
Brussels sprouts (Brassica oleracea var. gemmifera),,,,,,,,,,,,,,,,,,,,,,
"Button mushroom, fresh ( Agaricus sp.)",,,,,,,,,,,18.38,0.01,1,0.13,0.288,0.15,0.001,0.09,0.29,1.725,,
"Button mushroom, fresh (Agaricus sp.)",1,115,90.09,3.68,0.42,1.98,3.11,2.76,0.35,0.71,,,,,,,,,,,,1
C  r  a  b  (Menippe mercenaria),,,,,,,,,,,128,0.048,1,1.4,0.009,0.13,0.018,0.42,1.1,0.005,,
"Cabbage, Chinese (Brassica rupa)",1,75,93.19,1.58,0.13,2.36,2.01,1.55,0.45,0.73,0.39,1.85,1,58.46,0.05,0.001,20.28,0.19,,,,1
"Cabbage, collard greens (Brassica oleracea var. viridis)",,,,,,,,,,,,,,,,,,,,,,
"Cabbage, green (Brassica oleracea var. capitata f. alba)",,,,,,,,,,,,,,,,,,,,,,
"Cabbage, violet (Brassica oleracea var. capitata f. rubra)",,,,,,,,,,,,,,,,,,,,,,
"Calf, brain",2,,81.19,9.84,7.6,,448,,,1.26,,,2,,,,,,,,,2
"Calf, chops",2,,72.66,22.47,3.85,,524,,,0.92,,,2,,,,,,,,,2
"Calf, heart",1,,73.44,18.84,3.75,,459,,,0.86,,,1,,,,,,,,,1
"Calf, kidney s",,,,,,,,,,,,,,,,,,,,,,
"Calf, kidneys",2,,80.23,15.16,3.5,,387,,,1.02,,,2,,,,,,,,,2
"Calf, liver",1,,73.66,21.02,3.95,,503,,,1.26,,,1,,,,,,,,,1
"Calf, round (leg)",2,,71.13,21.1,6.92,,615,,,0.74,,,2,,,,,,,,,2
"Calf, shoulder",2,,70.49,20.98,7.47,,633,,,0.94,,,2,,,,,,,,,2
"Calf, splee n",,,,,,,,,,,,,,,,,,,,,,
"Calf, spleen",1,,78.65,17.71,2.12,,379,,,1.41,,,1,,,,,,,,,1
"Calf, tongue",2,,69.44,17.78,11.76,,737,,,0.93,,,2,,,,,,,,,2
"Capsicum, green (Capsicum annuum)",6,68,93.89,1.11,0.34,1.84,2.06,1.33,0.73,0.76,0.002,0.06,6,0.001,0.017,14.75,0.48,0.001,0.002,0.18,,6
"Capsicum, red (Capsicum annuum)",4,83,92.99,1.47,0.47,2.14,2.19,1.58,0.61,0.76,0.008,0.001,4,0.25,15.76,0.001,0.07,0.38,0.001,0.001,,4
"Capsicum, yellow (Capsicum annuum)",4,78,93.38,1.35,0.41,1.95,2.19,1.39,0.8,0.72,19.13,0.036,4,0.23,0.001,0.03,0.003,0.09,0.69,0.007,,4
"Cardamom, black (Elettaria cardamomum)",4,1132,6.69,6.69,2.8,52.53,23.46,20.73,2.74,7.84,,,,,,,,,,,,4
"Cardamom, green (Elettaria cardamomum)",6,1067,11.24,8.1,2.6,47.76,23.1,20.46,2.64,7.21,,,,,,,,,,,,6
"Carrot, orange (Dacus carota)",,,,,,,,,,,,,,,,,,,,,,
"Carrot, orange (Daucus carota)",6,139,87.69,0.95,0.47,5.55,4.18,2.81,1.37,1.16,0.08,0.6,6,0.36,0.004,35.09,0.001,28.2,0.22,52.33,,6
"Carrot, red (Dacus carota)",,,,,,,,,,,,,,,,,,,,,,
"Carrot, red (Daucus carota)",4,160,86.07,1.04,0.47,6.71,4.49,3.09,1.4,1.22,0.1,0.71,4,0.54,0.004,41.06,0.004,15.7,0.29,60.69,,4
Cashew nut (Anacardium occidentale),6,2438,4.44,18.78,45.2,25.46,3.86,2.23,1.63,2.25,0.002,0.004,6,0.18,2.98,34,2.23,5.95,0.005,35.2,,6
Cat  f i s  h   (Tachysurus thalassinus),,,,,,,,,,,0.72,,1,5.54,0.03,0.015,,,,,,
Cat fish,,,,,,,,,,,,,,,,,,,,,,
Cat fish  (Tachysurus thalassinus),,,,,,,,,,,,,,,,,,,,,,
Cat fish  (Tandanus tandanus),,,,,,,,,,,,,,,,,,,,,,
Cat fish (Tachysurus thalassinus),1,,76.22,22.18,2.13,,456,,,1.32,,,,,,,,,,,,
Cat fish (Tandanus tandanus),2,,77.23,15.86,6.24,,518,84,,0.93,0.008,0.03,2,0.48,21.99,1.68,0.82,0.012,,,,2
Catla,,,,,,,,,,,,,,,,,,,,,,
Catla  (Catla catla),6,,78.43,17.94,2.15,,394,6,,0.94,,,,,,,,,,,,
Catla (Catla catla),,,,,,,,,,,0.017,0.003,6,0.41,43.53,7.7,0.06,1.14,0.005,,,
Cauliflower (Brassica oleracea ) var. botrytis,,,,,,,,,,,0.007,0.001,6,0.17,25.16,0.13,0.05,0.96,0.004,0.001,,
Cauliflower (Brassica oleracea var. botrytis),6,96,90.76,2.15,0.44,2.03,3.71,2.66,1.04,0.91,,,,,,,,,,,,6
Cauliflower (Brassica oleracea),,,,,,,,,,,,,,,,,,,,,,
Cauliflower leaves (Brassica oleracea var. botrytis),,,,,,,,,,,,,,,,,,,,,,
Celery stalk (Apium graveolens),3,69,92.87,0.98,0.24,2.33,2.09,1.57,0.52,1.5,38.73,0.016,3,1.32,0.002,0.51,0.001,0.12,1.36,0.003,,3
Cha   k  l a   (Rachycentron canadum),,,,,,,,,,,0.38,0.41,5,6.55,0.001,0.014,0.001,0.002,,,,
Chakla  (Rachycentron canadum),,,,,,,,,,,,,,,,,,,,,,
Chakla (Rachycentron canadum),5,,78.36,20.21,1.68,,406,36,,1.07,,,,,,,,,,,,5
Chappal,,,,,,,,,,,,,,,,,,,,,,
Chappal  (Aluterus monoceros ),,,,,,,,,,,,,,,,,,,,,,
Chappal (Aluterus monoceros ),1,,80.61,17.17,0.67,,317,,,1.23,1.29,0.001,1,10.22,0.43,0.014,,,,,,
Chelu (Elagatis bipinnulata),2,,76.36,20.02,0.7,,366,,,1.28,0.67,0.002,2,8.17,0.13,0.009,,,,,,2
Chembali (Lutjanus quinquelineatus),1,,77.54,20.06,1.77,,406,,,0.86,0.03,0.31,1,0.001,0.003,23.72,0.001,,,,,
"Cherries, red (Prunus cerasus)",4,250,83.61,1.49,0.46,11.87,2.12,1.35,0.78,0.45,0.07,0.36,4,0.37,0.01,23.88,44.4,1.64,0.12,,,4
"Chicken mushroom, fresh (Lactiporus sp.)",1,89,92.43,1.84,0.25,2.76,1.99,1.82,0.18,0.74,,,,,,,,,,,,1
"Chicken, poul try, breast, skinless",,,,,,,,,,,,,,,,,,,,,,
"Chicken, poul try, leg, skinless",,,,,,,,,,,,,,,,,,,,,,
"Chicken, poul try, thigh, skinless",,,,,,,,,,,,,,,,,,,,,,
"Chicken, poul try, wing, skinl ess",,,,,,,,,,,,,,,,,,,,,,
"Chicken, poultry, breast, skinless",5,,67.15,21.81,9,,704,24,,1.19,,,5,,,,,,,,,
"Chicken, poultry, leg, skinless",4,,67.61,19.44,12.64,,1605,23,,1.14,,,4,,,,,,,,0.01,4
"Chicken, poultry, thigh, skinless",6,,67.58,18.18,14.23,,836,38,,1.14,,,6,,,,,,,,,
"Chicken, poultry, wing, skinless",5,,67.48,17.42,13.81,,807,17,,1.13,,,5,,,,,,,,,
"Chillies, green",-1,6.32,5,84.47,1.01,1.55,0.73,4.86,3.31,2.62,0.006,0.003,-1,5,24.1,0.35,0.19,1.46,0.001,0.006,,-1
"Chillies, green - all varieties (Capsicum annum)",6,177,85.39,2.36,0.72,5.86,4.77,3.41,1.37,0.91,,,,,,,,,,,,
"Chillies, red (Capsicum annum)",6,990,14.57,12.69,6.4,29.46,31.15,26.55,4.6,5.73,0.114,0.036,6,4.7,99.83,0.003,0.87,6.23,0.007,0.011,,6
Cho-cho-marrow (Sechium edule),4,79,93.78,0.66,0.15,3.47,1.55,1.19,0.36,0.38,0.05,0.48,4,18.64,0.001,0.006,120,20.8,0.16,1.28,,4
"Clam, green s  h  e  l l  (Perna viridis )",,,,,,,,,,,0.027,0.25,1,0.008,0.104,121,1.01,,,,,
"Clam, green shell  (Perna viridis )",,,,,,,,,,,,,,,,,,,,,,
"Clam, green shell (Perna viridis )",1,,80.07,12.14,0.98,,243,,,2.44,,,,,,,,,,,,1
"Clam, green shell (Perna viridis)",,,,,,,,,,,,,,,,,,,,,,
"Clam, white shell, ribbed (Meretrix meretrix)",1,,80.27,11.82,1.34,,250,,,0.85,,,,,,,,,,,,
Cloves (Syzygium aromaticum),6,781,26.49,5.86,8.41,18.73,34.52,28.07,6.46,5.99,70.8,0.047,6,6.09,567,5.08,0.006,0.54,9.41,0.026,36.7,6
Cluster beans (Cyamopsis tetragonoloba),6,168,84.65,3.55,0.37,4.91,4.83,3.55,1.28,1.68,,,,,,,,,,,23.7,6
Coconut Water  (Cocos nucifera),,,,,,,,,,,,,,,,,,,,,,
Coconut Water (Cocos nucifera),6,,95.77,0.26,0.16,,3.16,64,7,0.65,0.02,0.06,6,0.04,0.001,27.47,0.003,28.09,0.04,,,6
Coconut oil,,,,,,,,,,,,,,,,,,,,,,
"Coconut, kernel, dry (Cocos nucifera)",6,2611,3.97,7.27,63.26,8.01,15.88,14.55,1.33,1.61,4.51,0.013,6,0.41,32,0.001,0.006,0.9,3.13,0.006,,6
"Coconut, kernel, fresh (Cocos nucifera)",6,1711,36.14,3.84,41.38,6.3,10.42,9.43,0.99,1.93,1.42,0.003,6,0.03,8,0.001,0.004,0.36,1.3,0.002,,6
Colocasia (Colocasia ) esculenta,,,,,,,,,,,0.47,0.027,6,36,4.86,93,0.035,81.16,514,2.8,,
Colocasia (Colocasia esculenta ),6,372,73.49,3.31,0.17,17.85,3.22,2.54,0.68,1.95,0.003,0.3,6,0.82,0.009,30.18,0.66,0.003,,,,
Colocasia (Colocasia esculenta),,,,,,,,,,,,,,,,,,,,,,6
"Colocasia leaves, green (Colocasia  esculenta)",,,,,,,,,,,,,,,,,,,,,,
"Colocasia leaves, green (Colocasia esculenta)",6,182,83.61,3.42,1.38,3.69,5.6,4.32,1.29,2.3,,,,,,,,,,,,6
"Colocasia, stem, black ( ) Colocasia esculenta",1,100,91.15,0.76,0.34,3.83,3.01,1.81,1.2,0.91,,,,,,,,,,,,
"Colocasia, stem, black (Colocasia ) esculenta",,,,,,,,,,,,,,,,,,,,,,
"Colocasia, stem, black (Colocasia esculenta)",,,,,,,,,,,,,,,,,,,,,,
"Colocasia, stem, green ( ) Colocasia esculenta",5,81,92.67,0.91,0.22,2.86,2.33,1.26,1.07,1,,,,,,,,,,,,
"Colocasia, stem, green (Colocasia ) esculenta",,,,,,,,,,,,,,,,,,,,,,
"Colocasia, stem, green (Colocasia esculenta)",,,,,,,,,,,,,,,,,,,,,,
Coriander leaves (Coriandrum sativum),6,130,86.99,3.52,0.7,1.93,4.66,3.24,1.42,2.19,0.033,0.002,6,1.84,13,146,0.24,5.3,0.001,0.006,23.4,6
Coriander seeds (Coriandrum sativum),6,1125,8.72,10.66,17.47,12.98,44.81,35.27,9.54,5.36,43,0.041,6,5.74,718,0.001,0.02,1.46,17.64,0.003,35.7,6
Corn oil,,,,,,,,,,,,,,,,,,,,,,
"Corn, baby",,,,,,,,,,,,,,,,,,,,,,
"Corn, baby (Zea mays)",6,306,75.44,2.69,1.33,11.66,6.09,4.47,1.62,2.79,0.12,1.45,6,76.51,0.001,0.002,0.22,1.4,1.13,,,
"Corn, baby(Zea mays)",,,,,,,,,,,,,,,,,,,,,,
Cotton seed oil,,,,,,,,,,,,,,,,,,,,,,
"Country  hen, breast, with skin",,,,,,,,,,,,,,,,,,,,,,
"Country  hen, leg, with skin",,,,,,,,,,,,,,,,,,,,,,
"Country  hen, thigh, with skin",,,,,,,,,,,,,,,,,,,,,,
"Country  hen, wing, with sk in",,,,,,,,,,,,,,,,,,,,,,
"Country hen, breast, with skin",1,,66.53,22.08,10.2,,753,,,1.14,,,1,,,,,,,,0.36,1
"Country hen, leg, with skin",1,,70.02,17.01,11.73,,723,,,1.2,,,1,,,,,,,,0.01,1
"Country hen, thigh, with skin",1,,67.46,18.29,12.82,,785,,,1.23,,,1,,,,,,,,0.55,1
"Country hen, wing, with skin",1,,68.01,18.65,12.09,,764,,,1.14,,,1,,,,,,,,0.58,1
"Cowpea, brown (Vigna catjang)",6,1340,9.42,20.36,1.15,54.62,11.54,8.75,2.8,2.9,0.013,0.81,6,1.36,0.01,81.73,5.9,0.006,1241,116,,6
"Cowpea, white (Vigna catjang)",1,1340,9.32,21.25,1.14,53.77,11.7,8.91,2.79,2.83,0.017,0.68,1,0.4,0.004,84.1,5.04,0.007,12.52,3.57,,1
Cra   b   (Menippe mercenaria),,,,,,,,,,,,,,,,,,,,,,
Crab  (Menippe mercenaria),,,,,,,,,,,,,,,,,,,,,,1
Crab (Menippe mercenaria),1,,79.77,10.23,1.41,,343,,,1.74,,,,,,,,,,,,
Crab (Pachygrapsus sp .),,,,,,,,,,,,,,,,,,,,,,
Crab (Pachygrapsus sp.),1,,80.58,13.23,0.89,,327,,,1.23,199,0.016,1,0.49,0.03,1.74,0.001,0.52,1.1,0.006,,1
"Crab, sea  (Portunus sanguinolentus)",1,,79.67,15.36,0.6,,283,,,0.92,,,,,,,,,,,,
"Crab, sea (Portunus sanguinolentus)",,,,,,,,,,,0.012,0.84,1,0.006,0.032,333,0.98,0.017,,,,
"Cucumber, green, elongate",,,,,,,,,,,,,,,,,,,,,,
"Cucumber, green, elongate (Cucumis sativus)",6,82,92.96,0.71,0.16,3.48,2.14,1.52,0.63,0.54,,,,,,,,,,,,
"Cucumber, green, short (Cucumis sativus)",6,73,93.52,0.83,0.18,2.82,2.13,1.6,0.54,0.52,,,,,,,,,,,,6
"Cucumber, orange, round (Cucumis sativus)",2,82,92.8,0.98,0.24,3.01,2.46,1.78,0.68,0.52,,,,,,,,,,,,
Cumin seeds (Cuminum cyminum),6,1274,10.59,13.91,16.64,22.62,30.35,25.73,4.62,5.9,78,0.126,6,9.31,878,0.001,0.026,1.14,20.58,0.059,,6
"Currants, black (Ribes nigrum)",1,227,83.27,1.51,0.53,9.93,4.07,2.43,1.64,0.69,0.031,0.08,1,0.5,40.32,0.001,1.36,1.45,0.21,,,1
Curry leaves (Murraya koenigii),6,266,65.33,7.41,1.06,4.51,16.83,13.81,3.02,4.86,659,77.4,6,4.1,0.002,7.42,0.06,0.005,0.46,8.67,275,6
Custard apple (Annona squamosa),1,414,71.55,1.62,0.67,20.38,5.1,3.17,1.93,0.68,0.42,3.11,1,28.2,0.19,0.003,0.22,,,,,1
"Dates, dry, dark brown (Phoenix dactylifera)",2,1301,13.13,2.38,0.35,72.67,9.1,7.57,1.53,2.39,,,,,,,,,,,,2
"Dates, dry, pale brown (Phoenix dactylifera)",6,1340,11.14,2.45,0.35,74.91,8.95,7.53,1.42,2.2,,,,,,,,,,,,6
"Dates, processed (Phoenix dactylifera)",2,1197,22.01,1.18,0.41,67.95,6.52,5.68,0.84,1.93,0.001,0.33,2,2.43,0.015,15.73,0.89,0.002,0.001,0.42,,2
Drumstick (Moringa oleifera),6,123,85.39,2.62,0.12,3.76,6.83,5.6,1.23,1.27,0.1,0.73,6,0.24,0.008,33.3,0.007,0.002,3.12,22.38,,6
Drumstick leaves (Moringa oleifera),3,282,75.65,6.41,1.64,5.62,8.21,6.12,2.1,2.46,314,71,3,1.15,0.001,1.6,0.02,0.44,4.56,0.004,26.6,3
"Duck, meat , with skin",,,,,,,,,,,,,,,,,,,,,,
"Duck, meat, with skin",1,,73.49,19.07,6.03,,547,,,1.22,,,1,,,,,,,,,1
"Egg,  country  hen,  omlet",,,,,,,,,,,,,,,,,,,,,,
"Egg,  country  hen,  whole, boiled",,,,,,,,,,,,,,,,,,,,,,
"Egg,  country  hen,  whole, raw",,,,,,,,,,,,,,,,,,,,,,
"Egg,  duck, whole, boiled",,,,,,,,,,,,,,,,,,,,,,
"Egg,  duck, whole, omlet",,,,,,,,,,,,,,,,,,,,,,
"Egg,  duck, whole, raw",,,,,,,,,,,,,,,,,,,,,,
"Egg,  poul try, omlet",,,,,,,,,,,,,,,,,,,,,,
"Egg,  poul try, white, boiled",,,,,,,,,,,,,,,,,,,,,,
"Egg,  poul try, white, raw",,,,,,,,,,,,,,,,,,,,,,
"Egg,  poul try, whole, boiled",,,,,,,,,,,,,,,,,,,,,,
"Egg,  poul try, whole, raw",,,,,,,,,,,,,,,,,,,,,,
"Egg,  poul try, yolk, boiled",,,,,,,,,,,,,,,,,,,,,,
"Egg,  poul try, yolk, raw",,,,,,,,,,,,,,,,,,,,,,
"Egg,  quial, whole, boiled",,,,,,,,,,,,,,,,,,,,,,
"Egg,  quial, whole, raw",,,,,,,,,,,,,,,,,,,,,,
"Egg, country hen, omlet",1,,67.8,14.8,16.3,,855,,,1.08,,,1,,,,,,,,0.01,1
"Egg, country hen, whole, boiled",1,,70.43,14.43,14.1,,767,,,0.94,,,1,,,,,,,,,
"Egg, country hen, whole, raw",1,,72.96,13.14,13,,704,,,0.86,,,1,,,,,,,,0.01,1
"Egg, duck, whole, boiled",1,,71.61,13.8,13.61,,738,,,0.97,,,1,,,,,,,,117,1
"Egg, duck, whole, omlet",1,,68.9,15.1,14.8,,804,,,1.18,,,1,,,,,,,,111,1
"Egg, duck, whole, raw",1,,70.53,14.6,13.83,,760,,,0.99,,,1,,,,,,,,118,1
"Egg, poultry, omlet",3,,68.48,16.53,11.6,,710,4,,0.96,,,3,,,,,,,,0.25,3
"Egg, poultry, white, boiled",6,,83.54,12.37,0.26,,220,3,,0.81,,,6,,,,,,,,,6
"Egg, poultry, white, raw",6,,86.68,10.84,0.06,,187,1,,0.75,,,6,,,,,,,,,6
"Egg, poultry, whole, boiled",6,,73.46,13.43,10.54,,618,6,,0.86,,,6,,,,,,,,0.03,6
"Egg, poultry, whole, raw",6,,76.51,13.28,9.15,,564,3,,0.81,,,6,,,,,,,,0.03,6
"Egg, poultry, yolk, boiled",6,,51.42,16.13,27.46,,1290,8,,1.38,,,6,,,,,,,,0.03,6
"Egg, poultry, yolk, raw",6,,53.57,15.74,26.34,,1242,9,,1.05,,,6,,,,,,,,0.01,6
"Egg, quial, whole, boiled",1,,74.41,13.03,11.5,,647,,,0.99,,,1,,,,,,,,4.46,1
"Egg, quial, whole, raw",1,,75.11,12.39,11.46,,635,,,0.94,,,1,,,,,,,,8.19,1
"Emu, meat, skinl ess",,,,,,,,,,,,,,,,,,,,,,
"Emu, meat, skinless",1,,71.65,22.65,4.62,,556,,,0.98,,,1,,,,,,,,8.06,1
Eri meen (Pristipomoides filamentosus),1,,76.54,22.3,2.02,,454,,,1.28,,,,,,,,,,,,
Fenugreek leaves (Trigonella foenum graecum),5,144,86.73,3.68,0.83,2.17,4.9,3.2,1.7,1.69,,,,,,,,,,,,
Fenugreek seeds (Trigonella foenum graecum),6,983,7.82,25.41,5.72,10.57,47.55,27.63,19.92,2.93,,,,,,,,,,,,
"Field bean,  white (Phaseolus vulgaris)",5,1173,8.61,19.84,0.94,44.53,22.99,17.45,5.54,3.09,0.014,0.94,5,0.52,0.019,77.24,5.5,0.001,1360,33,,5
"Field bean, black (Phaseolus vulgaris)",1,1155,9.57,19.93,0.92,43.46,23.4,17.99,5.41,2.73,0.021,1.03,1,0.53,0.01,78.16,4.5,0.001,1.35,2.42,,1
"Field bean, brown (Phaseolus vulgaris)",1,1184,8.74,19.9,0.98,45.24,22.4,17.32,5.08,2.74,0.018,0.9,1,0.73,0.01,75.2,4.99,0.001,1.41,2.44,,1
"Field beans, tender, broad (Vicia faba)",2,129,86.98,3.06,0.64,2.75,5.64,4.84,0.79,0.94,0.003,0.24,2,0.64,0.006,70.57,1.95,0.003,0.002,,26.45,2
"Field beans, tender, lean (Vicia faba)",6,140,85.57,3.71,0.6,2.85,6.19,5.37,0.82,1.08,0.003,0.2,6,0.36,0.007,58.59,1.48,0.003,0.002,0.63,26.35,6
Fig (Ficus carica),6,341,75.6,2.03,0.37,16.28,4.64,2.59,2.05,1.08,0.19,0.69,6,0.71,0.017,78.52,7.2,2.37,0.22,,,6
"French beans, country (Phaseolus vulgaris)",5,102,89.14,2.49,0.26,2.68,4.38,3.88,0.51,1.05,,,,,,,,,,,15.12,5
"French beans, hybrid  (Phaseolus vulgaris)",2,93,90.11,2.12,0.19,2.63,4.18,3.53,0.65,0.77,,,,,,,,,,,15.14,2
Freshwater    E  e  l  (Anguilla anguilla),,,,,,,,,,,52.99,0.069,1,0.81,0.004,1.81,2.72,1.54,0.606,,,
Freshwater Eel,,,,,,,,,,,,,,,,,,,,,,
Freshwater Eel  (Anguilla anguilla),1,,75.57,20.41,2.63,,451,,,1.03,,,,,,,,,,,,
Garden cress (Lepidium sativum),2,208,84.02,5.62,0.8,4.48,2.6,1.77,0.83,2.48,0.001,0.006,2,0.003,217,0.005,0.23,6.19,0.015,25.35,,2
"Garden cress, seeds (Lepidium sativum)",5,1863,4.6,23.36,23.74,33.66,8.27,6.33,1.95,6.37,,,,,,,,,,,,5
"Garlic, big clove (Allium sativum)",6,518,64.38,6.92,0.16,21.93,5.22,2.56,2.66,1.4,0.004,0.001,6,0.05,20.08,0.001,0.19,1.05,0.001,0.001,,6
"Garlic, single clove, Kashmir (Allium sativum)",1,523,64.49,6.12,0.16,23.46,4.01,2.2,1.81,1.76,,,,,,,,,,,,
"Garlic, small clove (Allium sativum)",3,514,64.42,6.75,0.14,21.84,5.47,2.61,2.86,1.38,0.003,0.11,3,0.05,17.63,0.001,0.88,0.006,0.002,10.56,,3
Gingelly oil,,,,,,,,,,,,,,,,,,,,,,
"Gingelly seeds, black (Sesamum indicum)",6,2124,4.51,19.17,43.1,10.29,17.16,13.57,3.59,5.78,,,,,,,,,,,,6
"Gingelly seeds, brown (Sesamum indicum)",4,2161,3.62,21.61,43.22,9.76,17.21,13.58,3.63,4.58,,,,,,,,,,,,4
"Gingelly seeds, white (Sesamum indicum)",5,2174,3.3,21.7,43.05,10.83,16.99,13.49,3.51,4.13,,,,,,,,,,,,5
"Ginger, fresh (Zingiber officinale)",6,230,81.27,2.22,0.85,8.97,5.36,4.28,1.08,1.33,0.003,0.13,6,1.71,0.013,18.88,1.9,0.004,0.001,0.39,,6
Go  b   r o   (Epinephelus diacanthus),,,,,,,,,,,,,2,,,,,,,,,
Go  b   r o  (Epinephelus diacanthus),,,,,,,,,,,0.1,0.36,2,24.18,0.001,0.006,0.001,,,,,
"Goat , brain",,,,,,,,,,,,,,,,,,,,,,
"Goat , chops",,,,,,,,,,,,,,,,,,,,,,
"Goat , heart",,,,,,,,,,,,,,,,,,,,,,
"Goat , kidney s",,,,,,,,,,,,,,,,,,,,,,
"Goat , legs",,,,,,,,,,,,,,,,,,,,,,
"Goat , liver",,,,,,,,,,,,,,,,,,,,,,
"Goat , lungs",,,,,,,,,,,,,,,,,,,,,,
"Goat , shoulder",,,,,,,,,,,,,,,,,,,,,,
"Goat , splee n",,,,,,,,,,,,,,,,,,,,,,
"Goat , testis",,,,,,,,,,,,,,,,,,,,,,
"Goat , tongue",,,,,,,,,,,,,,,,,,,,,,
"Goat , tripe",,,,,,,,,,,,,,,,,,,,,,
"Goat , tube ( small intestine)",,,,,,,,,,,,,,,,,,,,,,
"Goat, brain",5,,76.74,13.82,8.06,,533,23,,1.29,,,5,,,,,,,,,5
"Goat, chops",6,,72.46,20.39,5.98,,568,26,,0.99,,,6,,,,,,,,,6
"Goat, heart",5,,75.15,19.38,4.4,,492,33,,0.95,,,5,,,,,,,,,5
"Goat, kidneys",4,,80.26,15.6,2.93,,374,18,,1.1,,,4,,,,,,,,,4
"Goat, legs",6,,68.85,22.07,7.94,,669,26,,0.97,,,6,,,,,,,,,6
"Goat, liver",6,,73.37,20.32,4.88,,526,31,,1.3,,,6,,,,,,,,12.64,6
"Goat, lungs",4,,79.03,16.86,3.09,,401,32,,0.74,,,4,,,,,,,,,4
"Goat, shoulder",6,,66.39,20.33,11.94,,787,33,,0.9,,,,,,,,,,,,6
"Goat, shoulder, meat",,,,,,,,,,,,,6,,,,,,,,,
"Goat, spleen",4,,77.93,18.45,2.37,,401,14,,1.15,,,4,,,,,,,,,4
"Goat, testis",2,,84.29,12.32,2.39,,298,,,0.87,,,2,,,,,,,,,2
"Goat, tongue",4,,68.4,16.63,13.68,,789,39,,1.02,,,4,,,,,,,,,4
"Goat, tripe",5,,80.94,15.36,3.36,,386,19,,0.23,,,5,,,,,,,,,5
"Goat, tube (small intestine)",3,,78.12,12.92,8.26,,525,32,,0.54,,,3,,,,,,,,,3
Gobro,,,,,,,,,,,,,,,,,,,,,,
Gobro  (Epinephelus diacanthus),,,,,,,,,,,,,,,,,,,,,,
Gobro (Epinephelus diacanthus),2,,78.84,19.37,0.88,,362,,,0.98,,,,,,,,,,,,
"Gogu leaves, green (Hibiscus cannabinus)",4,152,87.42,1.86,1.09,4.06,4.59,3.24,1.35,0.98,,,,,,,,,,,,4
"Gogu leaves, red (Hibiscus cannabinus)",1,153,87.98,1.85,1.07,4.24,3.89,2.66,1.23,0.97,0.009,0.16,1,2.74,0.04,129,9.56,0.001,0.005,0.63,,1
Gold fish (Carassius auratus),2,,79.07,16.91,2.94,,396,,,1.1,0.01,0.03,2,0.27,47.89,2.84,0.76,,,,,2
Gooseberry (Emblica officinalis),5,99,87.02,0.34,0.16,4.39,7.75,6.2,1.55,0.34,0.12,1.25,5,0.08,0.007,20.14,0.004,0.001,1.37,0.05,1.64,5
"Grapes, seeded, round, black (Vitis vinifera)",4,254,83.88,0.76,0.32,13.23,1.35,0.82,0.52,0.46,,,,,,,,,,,,4
"Grapes, seeded, round, green (Vitis vinifera)",5,235,85.07,0.77,0.29,12.19,1.25,0.81,0.44,0.43,,,,,,,,,,,,5
"Grapes, seeded, round, red (Vitis vinifera)",5,244,84.46,0.95,0.29,12.55,1.28,0.85,0.43,0.48,,,,,,,,,,,,5
"Grapes, seedless, oval, black (Vitis vinifera)",5,395,75.3,1.41,0.46,20.48,1.64,0.98,0.66,0.7,,,,,,,,,,,,5
"Grapes, seedless, round, black (Vitis vinifera)",5,374,76.9,1.24,0.35,19.86,1.15,0.83,0.32,0.49,,,,,,,,,,,,
"Grapes, seedless, round, green (Vitis vinifera)",5,224,85.55,0.62,0.26,11.81,1.28,0.85,0.44,0.47,,,,,,,,,,,,
"Green gram, dal ( ) Vigna radiata",,,,,,,,,,,,,,,,,,,,,,
"Green gram, dal ( a) Vigna radiat",6,1363,9.77,23.88,1.35,52.59,9.37,7.75,1.62,3.04,0.006,0.97,6,2.47,0.002,43.13,3.93,0.002,0.002,1268,,6
"Green gram, dal (Phaseolus radiata)",,,,,,,,,,,,,,,,,,,,,,
"Green gram, whole ( a) Vigna radiat",,,,,,,,,,,,,,,,,,,,,,
"Green gram, whole (Phaseolus radiata)",,,,,,,,,,,,,,,,,,,,,,
"Green gram, whole (Vigna radiat a)",6,1229,9.95,22.53,1.14,46.13,17.04,14.59,2.44,3.22,2.96,0.174,6,198,1.05,39.2,0.103,353,33.6,1177,,6
"Green gram, whole (Vigna radiata )",,,,,,,,,,,0.021,1,6,3.24,0.012,92.43,4.89,0.002,,,,
Ground nut (Arachis hypogaea),6,2176,6.97,23.65,39.63,17.27,10.38,8.58,1.79,2.11,7.37,0.007,6,3.16,54,0.002,0.009,0.92,3.44,0.003,,
Ground nut (Arachis hypogea),,,,,,,,,,,,,,,,,,,,,,6
"Guava, pink flesh (Psidium guajava)",5,195,81.22,1.19,0.25,9.14,7.39,6.12,1.28,0.81,0.17,0.4,5,14.22,0.003,0.009,0.014,11.6,2.1,1.89,0.11,5
"Guava, white flesh (Psidium guajava)",5,135,83.79,1.44,0.32,5.13,8.59,7.14,1.45,0.72,0.16,0.32,5,18.52,0.003,0.004,47.1,1.84,2.87,0.23,0.09,5
"Guinea fow l, meat, with skin",,,,,,,,,,,,,,,,,,,,,,
"Guinea fowl, meat, with skin",1,,75.21,20.52,3.24,,469,,,0.92,,,1,,,,,,,,11.05,1
Guitar fish  (Rhinobatus prahli),,,,,,,,,,,,,,,,,,,,,,1
Guitar fish (Rhinobatus prahli),1,,75.73,22.56,0.44,,400,,,1.32,0.03,0.44,1,17.32,0.001,0.024,0.002,,,,,
"Hare, chops",1,,75.47,20.62,2.55,,445,,,1.27,,,1,,,,,,,,,1
"Hare, leg",1,,73,20.52,4.16,,503,,,1.26,,,1,,,,,,,,,1
"Hare, shoul der",,,,,,,,,,,,,,,,,,,,,,
"Hare, shoulder",1,,71.06,21.13,6.58,,603,,,1.17,,,1,,,,,,,,,1
Hilsa,,,,,,,,,,,,,,,,,,,,,,
Hilsa  (Tenualosa ilisha),,,,,,,,,,,,,,,,,,,,,,
Hilsa (Tenualosa ilisha),2,,60.09,21.8,18.49,,1083,,,1.11,19.82,0.006,2,0.59,0.001,0.18,0.001,0.15,1.19,0.001,,
"Horse gram, whole (Dolichos biflorus)",6,1379,9.28,21.73,0.62,57.24,7.88,6.22,1.66,3.24,34.9,0.027,6,4.69,269,0.001,0.054,1.29,8.76,0.007,,6
"Jack fruit, raw (Artocarpus heterophyllus)",5,110,85.52,1.98,0.35,3.48,7.69,7.15,0.54,0.99,,,,,,,,,,,,5
"Jack fruit, ripe (Artocarpus heterophyllus)",5,302,78.56,2.74,0.15,14.01,3.62,2.21,1.41,0.91,,,,,,,,,,,,5
"Jack fruit, seed, mature (Artocarpus heterophyllus)",,,,,,,,,,,,,,,,,,,,,,
"Jaggery, cane (Saccharum officinarum)",6,,11.2,1.85,0.16,,84.87,1480,9,1.92,0.011,0.006,6,2.4,19.7,107,0.07,4.63,0.008,0.005,,6
Jallal,,,,,,,,,,,,,,,,,,,,,,
Jallal  (Arius sp.),,,,,,,,,,,,,,,,,,,,,,
Jallal (Arius sp.),1,,77.5,21.55,1.46,,420,,,1.17,0.46,0.002,1,14.73,0.03,0.003,,,,,,
"Jambu fruit, ripe ( ) Syzygium samarangense",2,235,83.33,0.82,0.17,12.3,3.07,2.4,0.67,0.31,0.02,0.33,2,0.45,0.015,25.36,0.001,0.06,,,,2
"Jambu fruit, ripe (Syzygium ) samarangense",,,,,,,,,,,,,,,,,,,,,,
Jathi vela m  e  e  n  (Lethrinus lentjan),,,,,,,,,,,0.02,0.28,2,6.65,0.001,0.011,0.001,0.001,,,,
Jathi vela meen,,,,,,,,,,,,,,,,,,,,,,
Jathi vela meen  (Lethrinus lentjan),,,,,,,,,,,,,,,,,,,,,,
Jathi vela meen (Lethrinus lentjan),2,,75.66,22.45,1.92,,453,,,1.26,,,,,,,,,,,,
Jowar (Sorghum vulgare),,,,,,,,,,,27.6,0.01,6,2.56,0.002,1.53,0.012,0.45,3.95,0.008,,6
Kadal bral  (Synodus indicus),,,,,,,,,,,,,,,,,,,,,,
Kadal bral (Synodus indicus),1,,79.66,18.72,1.34,,368,,,1.27,0.02,0.31,1,0.001,0.001,73.92,0.002,,,,,1
Kadali (Nemipterus mesoprion),1,,73.74,22.07,4.2,,530,,,1.06,0.38,,1,8.62,0.02,0.018,,,,,,1
Kalamaara  (Leptomelanosoma indicum),2,,75.5,20.89,4.54,,523,,,1.08,,,,,,,,,,,,
Kalava  (Epinephelus coioides),1,,80.02,19.38,1.2,,374,,,1.34,0.72,0.26,1,0.001,0.009,10.66,0.004,,,,,
Kalava (Epinephelus coioides),,,,,,,,,,,,,,,,,,,,,,1
Kanamayya  (Lutjanus rivulatus),2,,77.59,20.19,0.65,,367,,,1.07,0.36,0.001,2,7.72,0.02,0.003,,,,,,
Kanamayya (Lutjanus rivulatus),,,,,,,,,,,,,,,,,,,,,,2
Kannadi pa  a  r a  i  (Alectis indicus),,,,,,,,,,,0.001,0.03,3,0.002,0.01,9.04,0.31,0.002,,,,
Kannadi pa  a  r a  i (Alectis indicus),,,,,,,,,,,,,3,,,,,,,,,
Kannadi paarai,,,,,,,,,,,,,,,,,,,,,,
Kannadi paarai  (Alectis indicus),3,,76.25,22.09,1.27,,423,11,,1.28,,,,,,,,,,,,
Karim  e  e  n   (Etroplus suratensis),,,,,,,,,,,0.6,,1,11.73,0.001,0.006,,,,,,
Karimeen,,,,,,,,,,,,,,,,,,,,,,
Karimeen  (Etroplus suratensis),1,,78.66,19.68,1.38,,386,,,0.97,,,,,,,,,,,,
Karnagaw   a  l a   (Anchoa hepsetus),,,,,,,,,,,0.44,0.007,1,60.03,0.01,0.013,,,,,,
Karnagawala,,,,,,,,,,,,,,,,,,,,,,
Karnagawala  (Anchoa hepsetus),1,,79.22,19.52,0.84,,363,,,1.45,,,,,,,,,,,,
Karonda fruit (Carissa carandas),1,141,86.04,1.15,1.67,2.87,7.25,5.87,1.38,1.02,10.81,0.002,1,0.99,0.002,1.84,0.001,0.71,0.87,0.021,,1
Kayrai,,,,,,,,,,,,,,,,,,,,,,
Kayrai  (Thunnus albacores),2,,72.69,20.15,3,,454,,,1.28,0.98,,2,6,0.08,0.006,,,,,,
Khoa,,,,,,,,,,,79.7,0.119,6,3.36,602,2.89,0.07,2.32,0.01,0.004,,6
Kiriyan,,,,,,,,,,,,,,,,,,,,,,
Kiriyan  (Atule mate),1,,72.39,22.49,4.7,,556,,,0.94,,,,,,,,,,,,
Kiriyan (Atule mate),,,,,,,,,,,1,0.002,1,0.004,0.09,19.42,,,,,,
Kite fish,,,,,,,,,,,,,,,,,,,,,,
Kite fish  (Mobula kuhlii),1,,77.61,23.07,0.56,,413,,,1.5,,,,,,,,,,,,
Kite fish (Mobula kuhlii),,,,,,,,,,,0.04,1.38,1,0.001,0.005,11.02,0.002,,,,,
Knol - Khol (Brassica oleracea),6,67,93.14,1.58,0.35,1.39,2.75,2.31,0.44,0.79,0.08,0.24,6,35.26,0.002,0.004,327,63.8,27.46,0.15,,6
"Knol-Khol, leaves (Brassica oleracea var. gongylodes)",,,,,,,,,,,,,,,,,,,,,,
Korka,,,,,,,,,,,,,,,,,,,,,,
Korka (Terapon jarbua),1,,72.25,23.72,3.36,,528,,,1.09,1.22,0.73,1,0.003,0.004,11.12,0.004,0.001,,,,
"Kovai, big (Coccinia cordifolia)",6,73,92.78,1.39,0.24,2.01,3,2.19,0.81,0.58,0.002,0.06,6,0.06,0.003,34.39,0.38,0.001,1.53,0.18,,6
"Kovai, small (Coccinia cordifolia)",1,80,92.4,1.22,0.24,2.41,3.25,2.14,1.12,0.47,0.001,0.06,1,0.02,0.002,37.12,0.29,0.001,0.13,,,1
Kulam paarai (Carangoides fulvoguttatus),1,,73.44,21.62,3.6,,501,,,1.25,,,,,,,,,,,,
Ladies finger (Abelmoschus esculentus),6,115,89.06,2.08,0.22,3.62,4.08,2.8,1.28,0.94,0.005,0.002,6,0.47,86.12,0.002,0.13,0.84,0.001,0.002,,6
"Lemon, juice (Citrus limon)",6,,91.59,0.41,0.75,,6.97,153,9,0.28,0.03,0.12,6,0.11,0.002,22.68,0.003,19.1,1.21,0.08,,6
Lentil dal (Lens culinaris),6,1349,9.71,24.35,0.75,52.53,10.43,8.6,1.83,2.23,0.006,0.009,6,1.6,44.32,1.19,0.96,7.06,0.003,55.3,,6
"Lentil whole, brown (Lens culinaris)",6,1251,9.2,22.49,0.64,48.47,16.82,14.16,2.66,2.39,0.022,0.015,6,2.6,76.13,0.46,0.98,7.57,0.016,0.004,,6
"Lentil whole, yellowish (Lens culinaris)",2,1246,9.75,22.87,0.61,47.91,16.66,14.15,2.51,2.2,0.012,0.88,2,1.02,0.012,76.66,7.91,0.016,0.004,10.87,,2
Lettuce (Lactuca sativa),3,91,92.27,1.54,0.27,3.01,1.79,1.32,0.47,1.11,56.71,0.02,3,0.9,0.003,1.43,0.002,0.14,2.73,0.004,,3
"Lime, sweet, pulp (Citrus limetta)",,,,,,,,,,,,,,,,,,,,,,
"Lime, sweet,pulp (Citrus limetta)",6,114,91.32,0.76,0.2,5.18,2.07,1.33,0.74,0.47,0.11,0,6,25.79,0.03,0.017,182,39.4,0.72,1.17,,6
Linseeds (Linum usitatissimum),6,1857,5.48,18.55,35.67,10.99,26.17,21.83,4.33,3.15,14,0.001,6,8.25,257,0.009,0.033,1.34,5.44,0.004,,6
Litchi ( ) Litchi chinensis,4,225,85.56,0.99,0.26,11.41,1.34,0.81,0.53,0.44,0.01,0.11,4,0.54,5.77,0.21,0.79,0.46,0.54,0.24,,4
Litchi (Litchi chinensis),,,,,,,,,,,,,,,,,,,,,,
"Lobster, bro   w   n  (Thenus orientalis)",,,,,,,,,,,0.003,0.12,1,0.003,0.044,73.06,0.77,0.007,,,,
"Lobster, brown (Thenus orientalis)",1,,81.48,15.96,0.56,,292,,,1.29,,,,,,,,,,,,
"Lobster, king siz   e  (Thenus orientalis)",,,,,,,,,,,,,,,,,,,,,,
"Lobster, king size  (Thenus orientalis)",,,,,,,,,,,,,,,,,,,,,,
"Lobster, king size (Thenus orientalis)",1,,77.77,18.54,0.78,,375,,,1.08,,,,,,,,,,,,
Lotus root (Nelumbium nelumbo),3,332,76.26,1.94,0.93,14.67,4.7,2.86,1.84,1.5,0.028,0.004,3,5.91,37.71,3.89,0.22,3.34,0.001,0.006,,3
Maagaa  (Polynemus plebeius),1,,79.23,20.11,0.67,,366,,,1.01,,,,,,,,,,,,1
Maagaa (Polynemus plebeius),,,,,,,,,,,0.23,0.001,1,8.42,0.02,0.002,,,,,,
Mace (Myristica fragrans),6,1488,20.06,6.24,24.41,26.51,20.31,16.78,3.54,2.47,174,3.5,6,1.99,0.001,4.7,0.069,0.006,1.9,22.69,,6
Mack  e  r e  l  (Rastrelliger kanagurta),,,,,,,,,,,0.001,0.12,3,0.002,0.011,31.27,1.46,0.003,0.003,,,
Mackerel,,,,,,,,,,,,,,,,,,,,,,
Mackerel (Rastrelliger kanagurta),3,,74.55,21.51,1.53,,423,40,,1.2,,,,,,,,,,,,
"Maize, dry (Zea mays)",,,,,,,,,,,0.01,0.45,6,2.82,0.01,8.91,2.49,0.002,35.3,291,2.5,6
"Maize, tender, local (Zea mays)",,,,,,,,,,,0.18,0.71,6,0.12,0.004,6.35,0.001,167,36.8,3.83,,6
"Maize, tender, sweet (Zea mays)",,,,,,,,,,,0.001,0.11,4,0.11,0.002,6.37,0.54,297,4.1,2.17,,4
Manda cl  a  t h  i  (Naso reticulatus),,,,,,,,,,,0.43,0.001,1,11.48,0.01,0.027,,,,,,
Manda clathi  (Naso reticulatus),1,,76.32,21.27,1,,398,,,1.48,,,,,,,,,,,,1
Mango ginger (Curcuma amada),3,177,84.55,1.45,0.7,6.98,4.74,3.79,0.95,1.57,0.002,0.003,3,0.21,13.74,0.002,0.1,2.31,0.007,5.51,,3
"Mango, green, raw (Mangifera indica)",6,205,85.14,0.69,0.08,10.59,3.01,1.68,1.34,0.49,0.08,0.4,6,0.11,0.01,27,20.9,33.15,0.09,,,6
"Mango, ripe, banganapalli (Mangifera indica)",6,175,88.44,0.54,0.55,8.18,1.88,1.01,0.87,0.42,,,,,,,,,,,,6
"Mango, ripe, gulabkhas (Mangifera indica)",2,209,86.65,0.52,0.53,10.32,1.67,1.03,0.64,0.32,,,,,,,,,,,,2
"Mango, ripe, himsagar (Mangifera indica)",3,187,88.04,0.46,0.54,9.03,1.55,0.82,0.73,0.38,,,,,,,,,,,,3
"Mango, ripe, kesar (Mangifera indica)",4,231,85.07,0.54,0.57,11.36,2.02,1.09,0.93,0.44,0.43,0.002,4,15.74,0.07,0.028,21.5,1.85,1.43,0.1,,4
"Mango, ripe, neelam (Mangifera indica)",2,178,88.41,0.68,0.55,8.21,1.77,0.97,0.79,0.38,0.36,1.36,2,11.36,0.08,0.004,1.2,0.07,,,,2
"Mango, ripe, paheri (Mangifera indica)",2,188,87.69,0.68,0.58,8.67,1.97,0.99,0.98,0.42,0.51,0.001,2,15.11,0.11,0.024,1.44,1.63,0.2,,,2
"Mango, ripe, totapari (Mangifera indica)",1,248,84.14,0.41,0.49,12.75,1.73,0.95,0.78,0.47,0.28,160,1,13.34,0.08,0.004,1.85,1.32,0.08,,,1
Mangosteen (Garcinia mangostana),1,219,85.52,0.63,0.24,11.41,1.87,1.23,0.64,0.33,4.69,0.003,1,0.17,0.002,0.05,1.501,0.11,0.28,0.056,,1
Manila tamarind (Pithecellobium dulce),1,342,74.54,3.56,1.14,13.54,4.4,3.3,1.1,2.82,376,1.35,1,8.51,0.71,0.22,0.56,,,,,1
Matha   (Acanthurus mata ),,,,,,,,,,,,,,,,,,,,,,
Matha  (Acanthurus mata ),,,,,,,,,,,,,,,,,,,,,,2
Matha  (Acanthurus mata),2,,79.81,21.17,0.79,,389,,,1.35,,,,,,,,,,,,
Matha (Acanthurus mata),,,,,,,,,,,0.02,0.32,2,14.02,0.001,0.017,0.003,,,,,
Milk fish,,,,,,,,,,,,,,,,,,,,,,
Milk fish  (Chanos chanos),,,,,,,,,,,0.45,1.35,1,0.003,0.006,29.18,0.002,0.001,,,,
Milk fish (Chanos chanos),1,,72.22,23.66,1.09,,442,,,1.12,,,,,,,,,,,,
"Milk, whole, Buffalo",6,,80.68,3.68,6.58,,8.39,449,9,0.67,0.004,0.005,6,0.01,3,121,0.03,0.16,0.005,,,6
"Milk, whole, Cow",6,,86.64,3.26,4.48,,4.94,305,23,0.68,0.004,0.004,6,0.01,2.9,118,0.03,0.15,0.002,,,6
Mint leaves (Mentha spicata ),4,155,84.24,4.66,0.65,2.39,5.89,4.49,1.4,2.18,31.8,0.063,4,1.17,205,5.26,0.007,0.37,8.56,0.019,,4
"Mithun,  round (leg)",1,,72.25,19.61,4.1,,485,,,0.9,,,1,,,,,,,,,1
"Mithun, chops",1,,73.81,18.19,6.12,,536,,,0.79,,,1,,,,,,,,,1
"Mithun, shoul der",,,,,,,,,,,,,,,,,,,,,,
"Mithun, shoulder",1,,68.86,19.05,11.14,,736,,,0.84,,,1,,,,,,,,,1
Moon fish  (Mene maculata),1,,74.21,20.74,4.69,,526,,,1.69,0.001,0.16,1,0.001,0.004,29.18,1.67,0.004,,,,1
Moth bean (Vigna aconitifolia),6,1291,8.14,19.75,1.76,52.09,15.12,14.5,0.62,3.14,0.003,0.019,6,0.54,17,154,0.64,7.9,0.005,53.2,,6
Mud c  r  a  b  (Scylla tranquebarica),,,,,,,,,,,0.001,1.23,1,0.001,0.014,201,0.87,,,,,
Mud cra   b   (Scylla tranquebarica),,,,,,,,,,,,,,,,,,,,,,
Mud crab  (Scylla tranquebarica),1,,83.1,10,0.55,,190,,,2.6,,,,,,,,,,,,1
Mullet,,,,,,,,,,,,,,,,,,,,,,
Mullet  (Mugil cephalus),,,,,,,,,,,,,,,,,,,,,,
Mullet (Mugil cephalus),3,,76.12,20.23,1.32,,393,26,,1.16,0.001,0.06,3,0.001,0.014,35.2,1.31,0.002,,,,
Mural (Tylosurus  crocodilus crocodilus),,,,,,,,,,,,,,,,,,,,,,
Mural (Tylosurus  crocodilus),1,,78.96,19.04,0.58,,345,,,1.11,0.24,,1,8.61,0.02,0.005,,,,,,1
"Musk melon, orange flesh (Cucumis melon)",5,97,92.97,0.42,0.35,4.24,1.51,0.84,0.67,0.52,,,,,,,,,,,,5
"Musk melon, yellow flesh (Cucumis melon)",6,116,91.84,0.53,0.26,5.4,1.49,0.79,0.7,0.48,,,,,,,,,,,,6
Mustard leaves (Brassica juncea),3,127,88.17,3.52,0.51,2.41,3.92,3.04,0.87,1.47,191,23.8,3,1.74,0.004,3.65,0.039,0.001,0.24,2.84,,3
Mustard seeds ( ) Brassica nigra,6,2132,5.67,19.51,40.19,16.8,14.1,10.63,3.47,3.73,402,54,6,7.78,0.004,5.84,0.027,0.019,0.69,13.49,,6
Mustard seeds (Brassica ) nigra,,,,,,,,,,,,,,,,,,,,,,
Mustard seeds (Brassica nigra ),,,,,,,,,,,,,,,,,,,,,,
Mustard seeds (Brassica nigra),,,,,,,,,,,,,,,,,,,,,,
Myil m  e  e  n   (Istiophorus platypterus),,,,,,,,,,,0.12,1.2,2,7.2,0.002,0.06,0.003,,,,,
Myil meen  (Istiophorus platypterus),,,,,,,,,,,,,,,,,,,,,,2
Myil meen (Istiophorus platypterus),2,,75.57,22.89,0.56,,410,,,1.21,,,,,,,,,,,,
Nalla bontha  (Epinephelus sp.),1,,79.32,19.82,0.72,,364,,,1,,,1,,,,,,,,,1
Nalla bontha (Epinephelus sp.),,,,,,,,,,,0.31,0.002,1,9.04,0.02,0.005,,,,,,
Narba  (Caranx sexfasciatus),,,,,,,,,,,0.1,1.11,2,0.001,0.004,7.21,0.004,0.002,,,,
Narba (Caranx sexfasciatus),2,,76.37,21.95,1.6,,432,,,1.17,,,2,,,,,,,,,2
"Niger seeds, black (Guizotia abyssinica)",4,2144,4.65,18.92,38.61,22.98,10.93,10.5,0.43,3.91,572,37.1,4,11.94,0.001,3.35,0.029,0.011,1.2,18.19,110,4
"Niger seeds, gray (Guizotia abyssinica)",5,2128,5.66,18.34,39.53,20.59,10.96,10.54,0.41,4.92,375,58.1,5,13.84,0.004,3.02,0.046,0.017,1.37,19.61,105,5
Nutmeg (Myristica fragrans),6,1940,15.55,6.3,36.52,27.64,11.99,10.54,1.46,1.99,0.006,0.001,6,0.68,12.1,148,1.2,2.33,0.035,15.2,,6
Octopus  (Octopus vulgaris),1,,80.45,14.71,1.12,,334,,,1.21,,,,,,,,,,,,1
Octopus (Octopus vulgaris),,,,,,,,,,,22.1,0.011,1,0.1,0.015,0.34,0.035,6.72,1.08,,,
Omum (Trachyspermum ammi),6,1495,9.71,15.89,21.11,24.53,20.58,17.2,3.38,8.18,1034,144,6,6.71,0.005,8.32,0.069,0.021,1.24,13.65,,6
"Onion, big (Allium cepa)",6,201,85.76,1.5,0.24,9.56,2.45,1.92,0.53,0.5,0.003,0.002,6,0.08,21.03,0.001,0.11,0.43,0.003,0.35,,6
"Onion, small (Allium cepa)",5,237,84.67,1.82,0.16,11.58,1.16,0.7,0.46,0.61,0.001,0.07,5,0.29,0.002,19.92,0.53,34.8,1.02,4.06,,5
"Onion, stalk (Allium cepa)",6,107,88.35,2.07,0.26,2.99,5.21,3.76,1.45,1.13,31.12,0.059,6,2.78,0.003,1.73,0.002,0.14,3.09,0.016,,6
"Orange, pulp (Citrus aurantium)",6,156,89.61,0.7,0.13,7.92,1.29,0.73,0.56,0.36,0.81,12.9,6,19.52,0.03,0.012,164,23.6,0.19,1.47,,6
Oys   t e  r  (Crassostrea sp.),,,,,,,,,,,0.011,3.41,1,0.013,0.096,126,0.9,0.01,,,,
Oyste   r   (Crassostrea sp.),,,,,,,,,,,,,,,,,,,,,,
Oyster  (Crassostrea sp .),,,,,,,,,,,,,,,,,,,,,,
Oyster  (Crassostrea sp.),1,,82.5,9.51,2.44,,252,,,2.47,,,,,,,,,,,,1
"Oyster mushroom, dried (Pleurotus sp.)",1,1019,4.51,19.04,2.86,33.07,39.12,35.64,3.48,1.41,23.61,0.058,1,5.17,3.591,1.95,0.003,0.9,3.58,9.301,,1
Paarai  (Caranx heberi),1,,75.77,21.58,1.84,,435,,,1.21,0.69,0.001,1,13.52,0.03,0.011,,,,,,1
Paarai (Caranx heberi),,,,,,,,,,,,,1,,,,,,,,,
Padaya  p  p  a   (Canthidermis maculata),,,,,,,,,,,0.001,0.58,1,0.001,0.003,9.83,0.33,0.001,0.001,,,
Padaya  p  p  a  (Canthidermis maculata),,,,,,,,,,,,,1,,,,,,,,,
Padayappa  (Canthidermis maculata),1,,79.18,19.7,0.69,,360,,,1.26,,,,,,,,,,,,1
Pak Choi leaves,,,,,,,,,,,,,,,,,,,,,,
Pali kora,,,,,,,,,,,,,,,,,,,,,,
Pali kora  (Panna microdon),1,,78.63,19.25,1.81,,394,,,1,,,,,,,,,,,,
Pali kora (Panna microdon),,,,,,,,,,,0.42,0.002,1,17.03,0.01,0.002,,,,,,
"Palm fruit, tender (Borassus flabellifer)",1,101,91.93,0.5,0.12,4.92,2.4,1.87,0.53,0.13,,,1,158,0.05,1.25,,,,,,1
Pamb  a  d  a   (Lepturacanthus savala),,,,,,,,,,,0.02,0.38,2,16.53,0.001,0.023,0.004,,,,,
Pamb  a  d  a  (Lepturacanthus savala),,,,,,,,,,,,,2,,,,,,,,,
Pambada,,,,,,,,,,,,,,,,,,,,,,
Pambada  (Lepturacanthus savala),2,,74.67,21.95,4.44,,537,,,1.41,,,,,,,,,,,,
Pandukopa (Pseudosciaena manchurica),1,,77.46,19.73,0.65,,360,,,1.15,,,,,,,,,,,,
Paneer,6,0.12,51.96,18.86,24,41,78,0.17,2,1.98,330,34.6,6,26.62,0.01,0.13,63.53,23.14,95,0.171,,6
Pangas  (Pangasianodon hypophthalmus),6,,68.5,17.12,16.77,,852,24,,1.12,,,,,,,,,,,,
Pangas (Pangasianodon hypophthalmus),,,,,,,,,,,,,,,,,,,,,,
Panner,,,,,,,,,,,0.11,0.001,6,2.53,35.7,476,0.1,0.9,,,,
"Papaya, raw (Carica papaya)",6,100,92.04,0.5,0.23,4.4,2.28,1.32,0.96,0.55,0.003,0.05,6,0.05,22.72,0.63,0.2,0.001,0.001,7.55,,6
"Papaya, ripe (Carica papaya)",6,100,91.47,0.42,0.16,4.61,2.83,1.75,1.08,0.51,0.04,0.23,6,0.05,0.003,15.02,173,12.4,12.78,6.68,,6
Parava (Lactarius lactarius),1,,77.19,21.5,2.74,,467,,,1.08,3.58,0.002,1,29.12,0.02,0.006,,,,,,1
Parcus  (Psettodes erumei),1,,79.01,19.87,0.62,,361,,,1.12,0.28,0.002,1,21.08,0.02,0.005,,,,,,1
Parcus (Psettodes erumei),,,,,,,,,,,,,1,,,,,,,,,
Parrot fish,,,,,,,,,,,,,,,,,,,,,,
Parrot fish  (Scarus ghobban),1,,76.84,20.82,0.57,,375,,,1.4,,,,,,,,,,,,
Parrot fish (Scarus ghobban),,,,,,,,,,,0.06,0.38,1,9.21,0.003,0.021,,,,,,
Parsley (Petroselinum crispum),3,305,77.76,5.55,1.14,9.43,3.87,2.79,1.09,2.25,48.7,0.001,3,4.04,288,0.007,0.002,0.19,5.51,0.052,,3
Parwar (Trichosanthes dioica),6,101,91.57,1.4,0.3,3.54,2.61,1.82,0.79,0.59,0.013,0.001,6,0.33,30.76,0.68,0.09,0.5,2.29,0.23,,6
Peach ( ) Prunus communis,1,168,88.31,0.86,0.37,7.82,2.13,1.22,0.91,0.51,6.98,0.006,1,0.18,0.197,0.11,0.276,0.08,0.35,0.011,,1
Peach (Prunus communis),,,,,,,,,,,0.713,0.138,1,8.06,0.01,0.05,19.08,281,0.67,1.15,,
Pear (Prunus persica),,,,,,,,,,,,,,,,,,,,,,
Pear (Pyrus sp. ),6,157,86.49,0.36,0.27,8.09,4.48,4.02,0.46,0.32,,,,,,,,,,,,
Pear (Pyrus sp.),,,,,,,,,,,0.001,0.08,6,0.59,0.009,6.55,0.28,0.002,0.001,,,6
"Peas, dry (Pisum sativum)",6,1269,9.33,20.43,1.89,48.93,17.01,14.55,2.47,2.41,0.009,0.68,6,0.52,0.01,75.11,5.09,0.005,0.003,922,,6
"Peas, fresh (Pisum sativum)",6,340,73.37,7.25,0.13,11.88,6.32,5.04,1.28,1.05,0.003,0.22,6,0.2,0.002,28.24,1.58,9,1.63,3.66,,6
"Pepper, black (Piper nigrum)",6,910,13.18,10.12,2.74,36.22,33.16,30.61,2.54,4.58,405,40.9,6,6.37,0.001,2.01,0.068,0.005,1.76,11.91,171,6
Perinkilichai (Pinjalo pinjalo),1,,78.33,20.89,0.87,,387,,,1.02,0.29,0.001,1,7.25,0.02,0.015,,,,,,1
Phalsa (Grewia asiatica),2,299,77.48,1.66,0.14,15.09,4.54,3.44,1.09,1.09,2.01,0.006,2,0.92,0.24,153,23.65,362,3.53,1.99,,2
Phopat,,,,,,,,,,,,,,,,,,,,,,
Phopat  (Coryphaena hippurus),,,,,,,,,,,,,,,,,,,,,,
Phopat (Coryphaena hippurus),4,,76.42,22.05,1.33,,424,8,,1.24,0.47,0.015,4,9.32,0.05,0.013,,,,,,
"Pigeon, meat , with skin",,,,,,,,,,,,,,,,,,,,,,
"Pigeon, meat, with skin",1,,74.61,17.94,6.03,,528,,,1.32,,,1,,,,,,,,7.1,1
Pine seed ( )Pinus sp.,5,2486,5.32,12.55,48.79,26.77,3.79,2.23,1.57,2.78,,,,,,,,,,,,5
Pine seed (Pinus ) sp.,,,,,,,,,,,,,,,,,,,,,,
Pine seed (Pinus sp.),,,,,,,,,,,1.27,0.002,5,7,17,0.004,0.001,1.17,4.5,0.004,,
Pineapple  (Ananas comosus),6,180,86.06,0.52,0.16,9.42,3.46,2.88,0.59,0.38,0.008,0.001,6,0.08,10.88,0.24,0.07,0.28,0.002,0.1,,6
Pippali (Piper longum),6,906,10.95,10.53,2.27,35.7,34.14,29.57,4.57,6.41,414,66.2,6,4.48,0.001,3.71,0.055,0.008,1.34,7.99,,6
Piranha  (Pygopritis sp.),1,,76.15,20.46,5.43,,549,,,0.93,,,,,,,,,,,,1
Piranha (Pygopritis sp.),,,,,,,,,,,0.5,,1,14.85,0.001,0.003,,,,,,
Pistachio nuts (Pistacia vera),6,2257,4.68,23.35,42.49,15.82,10.64,8.23,2.41,3.02,22.4,0.003,6,3.09,135,0.001,0.001,0.89,4.5,0.014,33.92,6
"Plantain, flower (Musa x paradisiaca)",6,89,89.14,1.47,0.63,2.15,5.25,4.72,0.52,1.35,0.1,0.4,6,0.07,0.005,34.06,488,46.3,2.82,7.51,,6
"Plantain, green (Musa x paradisiaca)",6,334,76.15,1.18,0.23,17.58,3.6,2.79,0.81,1.27,0.002,0.1,6,0.08,0.012,13.8,0.34,0.001,17.8,0.82,,6
"Plantain, stem (Musa x paradisiaca)",6,165,87.53,0.35,0.16,8.64,2.12,1.33,0.8,1.2,0.015,0.001,6,0.13,11.24,0.05,0.04,0.26,0.002,0.001,,6
Plum (Prunus ) domestica,,,,,,,,,,,0.057,7.61,3,0.2,0.03,0.05,0.002,0.297,0.41,0.25,,
Plum (Prunus domestica ),,,,,,,,,,,,,,,,,,,,,,3
Plum (Prunus domestica),3,238,84.44,0.64,0.4,12.1,2.07,1.23,0.84,0.35,,,,,,,,,,,,
Plum (Prunus sp),,,,,,,,,,,,,,,,,,,,,,
"Pomegranate, maroon seeds (Punica granatum)",6,229,83.55,1.33,0.15,11.58,2.83,2.26,0.57,0.57,,,,,,,,,,,,
"Pomfret, black  (Parastromateus niger)",1,,74.43,18.91,4.83,,515,,,0.97,,,,,,,,,,,,
"Pomfret, black (Parastromateus niger)",,,,,,,,,,,,,,,,,,,,,,
"Pomfret, snub nose  (Trachinotus blochii)",2,,77.81,21.05,0.46,,375,,,1.29,,,,,,,,,,,,
"Pomfret, w  h  i t e  (Pampus argenteus)",,,,,,,,,,,0.05,0.31,2,13.64,0.004,0.011,0.001,,,,,
"Pomfret, white  (Pampus argenteus)",,,,,,,,,,,,,,,,,,,,,,
"Pomfret, white (Pampus argenteus)",2,,75.91,19.02,5.12,,513,,,1.01,,,,,,,,,,,,
Ponnaganni (Alternanthera sessilis),2,213,79.43,5.29,0.71,5.17,6.74,5.63,1.11,2.65,0.002,0.014,2,2.68,388,0.004,0.21,3.88,0.008,39.36,,2
Poppy seeds (Papaver somniferum),6,1768,4.22,20.31,30.38,12.37,26.68,15.62,11.06,6.04,194,0.03,6,2.81,1372,0.005,0.01,2.05,10.13,0.005,,6
"Pork, chops",6,,68.4,19.41,11.3,,748,51,,0.64,,,6,,,,,,,,,6
"Pork, ham",6,,61.94,18.83,18.55,,1006,20,,0.62,,,6,,,,,,,,,6
"Pork, heart",4,,77.74,16.31,4.87,,457,32,,1.01,,,4,,,,,,,,,4
"Pork, kidney s",,,,,,,,,,,,,,,,,,,,,,
"Pork, kidneys",5,,80.92,14.35,3.65,,379,21,,0.97,,,5,,,,,,,,,5
"Pork, liver",5,,74.88,19.89,3.94,,484,24,,1.18,,,5,,,,,,,,4.5,5
"Pork, lungs",4,,81.12,15.13,2.74,,358,16,,0.93,,,4,,,,,,,,,4
"Pork, shoulder",6,,62.92,17.41,18.83,,993,28,,0.75,,,6,,,,,,,,,6
"Pork, splee n",,,,,,,,,,,,,,,,,,,,,,
"Pork, spleen",3,,80.93,15.13,2.71,,357,31,,1.13,,,3,,,,,,,,,3
"Pork, stomach",1,,76.51,15.36,7.81,,550,,,0.23,,,1,,,,,,,,,1
"Pork, tube (small intestine)",1,,75.42,14.96,8.98,,587,,,0.55,,,1,,,,,,,,,1
"Potato, brown skin, big (Solanum tuberosum)",6,292,80.72,1.54,0.23,14.89,1.71,1.13,0.58,0.92,,,,,,,,,,,,
"Potato, brown skin, small (Solanum tuberosum)",1,255,82.97,1.35,0.22,12.9,1.69,1.15,0.54,0.87,,,,,,,,,,,,
"Potato, red skin (Solanum tuberosum)",1,306,79.72,1.83,0.22,15.43,1.68,1.11,0.57,1.13,0.006,0.001,1,0.16,8.62,0.002,0.15,0.66,0.34,,,1
"Poul try, chick en, gizzard",,,,,,,,,,,,,,,,,,,,,,
"Poul try, chick en, liver",,,,,,,,,,,,,,,,,,,,,,
"Poultry, chicken, gizzard",1,,78.05,18.22,2.07,,386,,,1.46,,,1,,,,,,,,,1
"Poultry, chicken, liver",1,,73.2,21.57,4.08,,518,,,1.11,,,1,,,,,,,,14.3,1
Pranel,,,,,,,,,,,,,,,,,,,,,,
Pranel  (Gerres sp.),,,,,,,,,,,,,,,,,,,,,,
Pranel (Gerres sp.),1,,79.54,19.69,1.89,,405,,,0.76,0.03,0.41,1,21.88,0.001,0.003,0.001,,,,,
"Prawns, big  (Macrobrachium rosenbergii)",,,,,,,,,,,,,,,,,,,,,,
"Prawns, big (Macrobrachium rosenbergii)",1,,77.43,19.24,0.52,,380,,,0.84,,,,,,,,,,,,
"Prawns, sm    a  l l  (Macrobrachium sp.)",,,,,,,,,,,,,3,,,,,,,,,
"Prawns, sm    a  l l (Macrobrachium sp.)",,,,,,,,,,,0.007,0.001,3,0.91,67.99,8.14,0.14,0.87,0.001,,,
"Prawns, small  (Macrobrachium sp .)",,,,,,,,,,,,,,,,,,,,,,
"Prawns, small  (Macrobrachium sp.)",,,,,,,,,,,,,,,,,,,,,,
"Prawns, small (Macrobrachium sp.)",3,,82.58,13.07,0.78,,297,,,0.86,,,,,,,,,,,,
Pulli paarai  (Gnathanodon speciosus),,,,,,,,,,,,,,,,,,,,,,
Pulli paarai (Gnathanodon speciosus),1,,75.99,20.06,1.55,,399,,,1.19,,,,,,,,,,,,
Pummelo (Citrus maxima),3,210,86.97,0.68,0.42,10.64,0.8,0.49,0.31,0.49,0.03,0.06,3,0.33,0.001,14.03,0.006,15.4,1.06,0.06,,3
"Pumpkin leaves, tender (Cucurbita maxima)",6,185,85.82,4.21,0.74,4.75,2.25,1.56,0.69,2.24,,,,,,,,,,,1.69,6
"Pumpkin, green, cylindrical (Cucurbita maxima)",1,103,91.73,0.87,0.18,4.22,2.53,1.28,1.25,0.47,,,,,,,,,,,,
"Pumpkin, orange,  round (Cucurbita maxima)",6,97,91.85,0.84,0.16,4,2.56,1.44,1.12,0.58,,,,,,,,,,,,
"Quail,  meat, skinless",,,,,,,,,,,,,,,,,,,,,,
"Quail, meat, skinless",1,,71.58,20.92,5.95,,576,,,1.35,,,1,,,,,,,,7.3,1
Queen fish  (Scomberoides commersonianus),,,,,,,,,,,,,,,,,,,,,,
Queen fish (Scomberoides commersonianus),3,,76.63,20.97,1.17,,400,12,,1.22,,,,,,,,,,,,
Quinoa,,,,,,,,,,,,,,,,,,,,,,
Quinoa  (Chenopodium quinoa),,,,,,,,,,,,,,,,,,,,,,
Quinoa (Chenopodium quinoa),,,,,,,,,,,0.004,0.48,1,0.03,198,0.002,7.51,4.5,3.31,,,
Raai  f i s  h   (Lobotes surinamensis),,,,,,,,,,,0.001,0.03,2,0.001,0.016,11.09,0.46,0.001,,,,
Raai fish  (Lobotes surinamensis),2,,77.14,21.61,1.69,,430,,,1.11,,,,,,,,,,,,2
Raai vanthu  (Epinephelus chlorostigma),,,,,,,,,,,,,,,,,,,,,,
Raai vanthu (Epinephelus chlorostigma),1,,79.95,19.39,2.17,,410,,,0.92,,,,,,,,,,,,
"Rabbi t,  leg",,,,,,,,,,,,,,,,,,,,,,
"Rabbi t, chops",,,,,,,,,,,,,,,,,,,,,,
"Rabbi t, shoulder",,,,,,,,,,,,,,,,,,,,,,
"Rabbit,  leg",1,,70.33,21.31,5.99,,584,,,1.26,,,1,,,,,,,,,1
"Rabbit, chops",1,,71.03,22.61,4.88,,565,,,1.35,,,1,,,,,,,,,1
"Rabbit, shoulder",1,,70.75,20.01,7.96,,635,,,1.19,,,1,,,,,,,,,1
Radish leaves (Raphanus sativus),6,109,91.19,2.22,0.51,2.77,1.82,1.18,0.63,1.5,0.025,50.08,6,57.96,0.019,0.9,304,4.2,33.05,17.39,,6
"Radish, elongate, red skin (Raphanus sativus)",3,134,89.32,0.67,0.13,6.71,2.46,1.96,0.49,0.73,,,,,,,,,,,,
"Radish, elongate, white skin (Raphanus sativus)",6,135,89.05,0.77,0.15,6.56,2.65,1.98,0.67,0.82,,,,,,,,,,,,
"Radish, round, red skin (Raphanus sativus)",1,130,89.68,0.89,0.16,6.07,2.29,1.56,0.73,0.91,,,,,,,,,,,,1
"Radish, round, white skin (Raphanus sativus)",2,129,89.76,0.8,0.14,6.13,2.37,1.63,0.74,0.8,,,,,,,,,,,,
Ragi (Eleusine coracana),,,,,,,,,,,58,0.032,5,3.64,364,0.004,0.022,0.67,4.62,0.005,,5
"Raisins, dried, black (Vitis vinifera)",6,1279,19.69,2.57,0.34,71.29,3.92,2.55,1.37,2.19,0.003,0.47,6,3.06,0.024,73.24,6.81,0.005,0.054,10.99,,6
"Raisins, dried, golden (Vitis vinifera)",6,1241,21.5,2.76,0.35,68.79,4.56,3.04,1.53,2.04,0.003,0.39,6,3.53,0.009,51.83,4.26,0.008,0.009,10.16,,6
"Rajmah, black (Phaseolus vulgaris)",2,1247,8.69,19.01,1.62,49.59,17.74,15.16,2.58,3.35,0.006,0.87,2,0.75,0.032,134,6.17,0.012,0.002,3.08,,2
"Rajmah, brown (Phaseolus vulgaris)",6,1245,9.68,19.5,1.68,48.83,16.95,14.33,2.62,3.36,0.025,0.024,6,0.92,17.6,134,0.89,6.3,0.006,0.002,,6
"Rajmah, red (Phaseolus vulgaris)",3,1252,9.87,19.91,1.77,48.61,16.57,13.86,2.7,3.28,0.029,0.013,3,0.65,8.1,126,0.78,6.13,0.003,0.003,,3
Rambutan (Nephelium lappaceum),1,306,80.87,0.68,0.16,16.84,1.02,0.71,0.3,0.43,0.37,1.75,1,8.67,0.08,0.003,0.53,,,,,1
Ran   i   (Pink perch),,,,,,,,,,,,,,,,,,,,,,
Rani (Pink perch),1,,78.55,18.83,1.49,,377,,,1.01,0.005,0.08,1,0.41,37.9,0.9,0.87,0.001,,,,1
"Ray fish, bow head, spotted (Rhina ancylostoma)",1,,80.3,19.03,0.7,,349,,,1.15,,,,,,,,,,,,
"Red gram, dal (Cajanus cajan)",6,1384,9.2,21.7,1.56,55.23,9.06,6.67,2.39,3.26,0.003,1.14,6,0.83,0.007,71.73,3.9,0.003,0.004,1395,,6
"Red gram, tender, fresh (Cajanus cajan)",1,520,64,8.09,0.92,19.46,5.9,3.66,2.25,1.64,,,,,,,,,,,,1
"Red gram, whole (Cajanus cajan)",6,1146,9.3,20.47,1.38,42.48,22.84,19.69,3.15,3.53,11.8,0.022,6,2.21,139,0.001,0.02,1.32,5.37,0.004,,6
Red snapp  e  r  (Lutjanus argentimaculatus),,,,,,,,,,,,,,,,,,,,,,
Red snapper  (Lutjanus argentimaculatus),,,,,,,,,,,,,,,,,,,,,,
Red snapper (Lutjanus argentimaculatus),1,,76.28,22.79,1.34,,437,,,1.26,,,,,,,,,,,,
"Red snapper, sma   l l  (Priacanthus hamrur)",,,,,,,,,,,,,,,,,,,,,,
"Red snapper, small  (Priacanthus hamrur)",1,,76.31,21.5,2.3,,451,,,1.1,,,,,,,,,,,,
Rice flakes,,,,,,,,,,,,,,,,,,,,,,
Rice flakes (Oryza sativa ),,,,,,,,,,,,,,,,,,,,,,
Rice flakes (Oryza sativa),,,,,,,,,,,0.05,0.007,6,2.44,9.19,0.002,0.26,4.46,0.005,0.002,,
Rice puffed (Oryza sativa ),,,,,,,,,,,,,,,,,,,,,,6
Rice puffed (Oryza sativa),,,,,,,,,,,0.028,0.007,6,2.41,15.09,0.004,0.25,4.55,0.013,0.004,,
"Rice, parboiled, milled  (Oryza sativa )",,,,,,,,,,,,,,,,,,,,,,6
"Rice, parboiled, milled  (Oryza sativa)",,,,,,,,,,,0.005,0.003,6,0.2,8.11,0.002,0.27,0.72,0.006,0.005,,
"Rice, raw, brown (Oryza sativa )",,,,,,,,,,,,,,,,,,,,,0.69,6
"Rice, raw, brown (Oryza sativa)",,,,,,,,,,,0.005,0.011,6,0.6,10.93,0.002,0.37,1.02,0.002,2.26,,
"Rice, raw, milled  (Oryza sativa )",,,,,,,,,,,,,,,,,,,,,,6
"Rice, raw, milled  (Oryza sativa)",,,,,,,,,,,0.005,0.003,6,0.44,7.49,0.002,0.23,0.65,0.005,0.002,,
Ricebean (Vigna umbellata ),1,1265,11.12,19.97,0.74,51.26,13.37,10.04,3.33,3.54,4.76,10.62,1,200,0.75,0.002,2.29,,,,21.85,1
Ridge gourd (Luffa acutangula),6,55,94.99,0.91,0.14,1.72,1.81,1.2,0.61,0.44,0.001,0.1,6,0.07,0.003,13.7,0.42,0.001,0.59,4.71,,6
"Ridge gourd, smooth skin (Luffa acutangula)",3,64,94.27,0.98,0.13,2.24,1.85,1.31,0.54,0.53,,,,,,,,,,,,
Rohu,,,,,,,,,,,,,,,,,,,,,,
Rohu (Labeo rohita),6,,76.34,19.71,2.39,,428,12,,1.28,0.009,0.003,6,0.48,39.37,3.71,0.05,1.04,0.014,,,
Rumex leaves (Rumex patientia ),,,,,,,,,,,,,,,,,,,,,,
Rumex leaves (Rumex patientia),2,82,93.18,1.62,0.33,2.33,1.27,0.93,0.34,1.27,0.015,0.02,2,48.33,0.47,0.82,32.4,336,5.37,19.95,126,2
Saday   a   (Platax orbicularis ),,,,,,,,,,,,,,,,,,,,,,
Sadaya  (Platax orbicularis ),1,,75.53,20.68,2.97,,462,,,1.32,,,,,,,,,,,,1
Sadaya (Platax orbicularis ),,,,,,,,,,,0.47,,1,9.08,0.16,0.011,,,,,,
Safflower seeds (Carthamus tinctorius),5,1981,5.24,17.66,30.87,30.18,13.49,10.24,3.25,2.57,14.5,0.003,5,1.19,211,0.005,0.003,0.56,4.06,0.032,35.09,5
Salmo   n   (Salmo salar),,,,,,,,,,,,,,,,,,,,,,
Salmon,,,,,,,,,,,,,,,,,,,,,,
Salmon  (Salmo salar),1,,67.84,20.97,9.86,,721,,,1.13,,,,,,,,,,,,
Salmon (Salmo salar),,,,,,,,,,,0.08,0.98,1,0.001,0.008,24.3,,,,,,
Samai (Panicum miliare),,,,,,,,,,,0.016,0.001,6,0.49,16.06,0.001,0.34,1.26,15.7,40.41,,6
Sang  a  d  a   (Nemipterus japanicus),,,,,,,,,,,0.05,0.99,1,7.9,0.001,0.008,0.005,,,,,
Sangad   a   (Nemipterus japanicus),,,,,,,,,,,,,,,,,,,,,,
Sangada,,,,,,,,,,,,,,,,,,,,,,
Sangada  (Nemipterus japanicus),1,,78.51,20.26,2.67,,443,,,1.26,,,,,,,,,,,,
Sankata pa  a  r a  i  (Caranx ignobilis),,,,,,,,,,,0.99,,1,6.03,0.05,0.003,,,,,,
Sankata pa  a  r a  i (Caranx ignobilis),,,,,,,,,,,,,1,,,,,,,,,
Sankata paar  a  i  (Caranx ignobilis),,,,,,,,,,,,,,,,,,,,,,
Sankata paarai,,,,,,,,,,,,,,,,,,,,,,
Sankata paarai  (Caranx ignobilis),1,,74.88,21.87,1.68,,434,,,1.18,,,,,,,,,,,,
Sapota (Achras sapota),6,307,73.64,0.92,1.26,13.9,9.6,8.46,1.14,0.68,0.49,22.26,6,17.87,0.07,0.01,280,8.6,0.39,4.61,,6
Sardine,,,,,,,,,,,,,,,,,,,,,,
Sardine  (Sardinella longiceps),1,,72.29,17.91,8.99,,637,,,0.84,,,,,,,,,,,,
Sardine (Sardinella longiceps),,,,,,,,,,,42.26,0.008,1,0.1,0.001,0.08,0.07,0.83,,,,
Shark,,,,,,,,,,,,,,,,,,,,,,
Shark  (Carcharhinus sorrah),2,,72.82,21.6,0.83,,398,,,1.08,,,,,,,,,,,,
Shark (Carcharhinus sorrah),,,,,,,,,,,0.23,0.38,2,8.44,0.007,0.028,0.002,0.001,,,,
"Shark, hammer hea   d   (Sphyrna mokarran)",,,,,,,,,,,,,,,,,,,,,,
"Shark, hammer head  (Sphyrna mokarran)",1,,74.61,23.4,0.8,,432,,,0.92,,,,,,,,,,,,
"Shark, spotte   d   (Stegostoma fasciatum)",,,,,,,,,,,,,,,,,,,,,,
"Shark, spotted  (Stegostoma fasciatum)",1,,78.83,20.95,0.75,,384,,,1.04,,,,,,,,,,,,
"Shark, spotted (Stegostoma fasciatum)",,,,,,,,,,,,,,,,,,,,,,
"Sheep, brain",1,,78.36,13.05,7.29,,492,,,1.19,,,1,,,,,,,,,1
"Sheep, chops",4,,75.66,18,5.15,,496,86,,1.09,,,4,,,,,,,,,4
"Sheep, heart",1,,77.06,18.19,3.66,,445,,,0.97,,,1,,,,,,,,,1
"Sheep, kidney s",,,,,,,,,,,,,,,,,,,,,,
"Sheep, kidneys",2,,79.77,16.22,2.92,,384,,,1,,,2,,,,,,,,,2
"Sheep, leg",5,,68.26,21.42,8.69,,686,25,,0.94,,,5,,,,,,,,,5
"Sheep, liver",4,,69.71,22.26,4.87,,559,21,,1.26,,,4,,,,,,,,14.7,4
"Sheep, lungs",2,,80.41,16.12,2.41,,363,,,0.97,,,2,,,,,,,,,2
"Sheep, shoul der",,,,,,,,,,,,,,,,,,,,,,
"Sheep, shoulder",5,,66.51,18.24,14.31,,840,68,,0.86,,,5,,,,,,,,,5
"Sheep, spleen",1,,79.66,16.02,3.02,,384,,,1.17,,,1,,,,,,,,,1
"Sheep, tongu e",,,,,,,,,,,,,,,,,,,,,,
"Sheep, tongue",1,,68.7,16.61,13.53,,783,,,1.06,,,1,,,,,,,,,1
"Sheep, tripe",2,,78.81,16.76,4.05,,435,,,0.26,,,2,,,,,,,,,2
Shelav   u   (Sphyraena jello),,,,,,,,,,,,,,,,,,,,,,
Shelavu,,,,,,,,,,,,,,,,,,,,,,
Shelavu  (Sphyraena jello),,,,,,,,,,,,,,,,,,,,,,
Shelavu (Sphyraena jello),4,,74.6,22.46,1.74,,446,41,,1.26,0.52,0.001,4,11.42,0.04,0.006,,,,,,
"Shiitake mushroom, fresh (Lentinula sp.)",1,243,82.94,3.19,0.76,8.98,3.02,2.03,0.99,1.11,,,,,,,,,,,,1
Sila   n   (Silonia silondia),,,,,,,,,,,,,,,,,,,,,,
Silan,,,,,,,,,,,,,,,,,,,,,,
Silan  (Silonia silondia),,,,,,,,,,,,,,,,,,,,,,
Silan (Silonia silondia),1,,70.12,22.72,6.68,,633,,,0.77,0.007,0.001,1,0.03,28.82,1.2,0.08,0.56,0.004,,,
Silk fis   h   (Beryx sp.),,,,,,,,,,,,,,,,,,,,,,
Silk fish,,,,,,,,,,,,,,,,,,,,,,
Silk fish  (Beryx sp.),,,,,,,,,,,,,1,,,,,,,,,
Silk fish (Beryx sp.),1,,77.61,20.65,1.53,,408,,,1.05,0.3,0.001,1,10.46,0.02,0.003,,,,,,
Silver ca  r p   (Hypophthalmichthys molitrix),,,,,,,,,,,,,,,,,,,,,,
Silver carp  (Hypophthalmichthys molitrix),,,,,,,,,,,,,,,,,,,,,,
Silver carp (Hypophthalmichthys molitrix),1,,72.47,21.71,5.17,,555,,,0.95,,,,,,,,,,,,
"Snake gourd, long, dark green (Trichosanthes anguina)",,,,,,,,,,,,,,,,,,,,,,
"Snake gourd, long, pale green (Trichosanthes anguina)",,,,,,,,,,,,,,,,,,,,,,
"Snake gourd, short (Trichosanthes anguina)",1,61,94.35,0.54,0.26,2.15,2.29,1.61,0.68,0.41,,,,,,,,,,,,1
Sole fis   h   (Cynoglossus arel),,,,,,,,,,,,,,,,,,,,,,
Sole fish  (Cynoglossus arel),1,,80.18,19.05,1.18,,367,,,1.06,0.33,0.004,1,47.28,0.02,0.004,,,,,,1
Sole fish (Cynoglossus arel),,,,,,,,,,,,,1,,,,,,,,,
Soursop ( Annona muricata ),,,,,,,,,,,,,,,,,,,,,,1
Soursop (Annona muricata ),,,,,,,,,,,264,6.78,1,17.7,25.83,0.07,0.12,,,,,
Soursop (Annona muricata),1,260,80.85,0.74,0.94,11.94,4.95,3.79,1.16,0.58,0.29,0.013,1,10.05,0.14,0.001,0.821,,,,,
"Soybean, brown (Glycine max)",6,1596,5.51,35.58,19.82,12.79,21.55,16.56,5,4.74,26.6,0.003,6,1.45,239,0.001,0.049,1.29,8.29,0.001,45.8,6
"Soybean, white (Glycine max)",1,1579,5.47,37.8,19.42,10.16,22.63,17.04,5.59,4.52,0.018,0.79,1,0.71,0.007,195,8.22,16.85,2.83,3.47,46.2,1
Spinach (Spinacia oleracea),6,102,90.31,2.14,0.64,2.05,2.38,1.52,0.86,2.47,0.025,32.59,6,86.97,0.008,1.12,625,5.9,2.09,42.55,325,6
"Squid, black  (Loligo sp.)",,,,,,,,,,,22.98,0.005,1,0.16,0.004,0.47,0.001,1.09,0.5,0.023,,1
"Squid, black (Loligo sp.)",1,,80.59,16.1,1.07,,335,,,0.99,,,,,,,,,,,,
"Squid, hard s  h  e  l l  (Sepia pharaonis)",,,,,,,,,,,0.1,0.62,1,0.004,0.006,8.73,0.001,0.002,,,,
"Squid, hard shell  (Sepia pharaonis)",,,,,,,,,,,,,,,,,,,,,,
"Squid, hard shell (Sepia pharaonis)",1,,80.52,16.82,0.93,,320,,,0.75,,,,,,,,,,,,
"Squid, red",,,,,,,,,,,,,,,,,,,,,,
"Squid, red  (Loligo duvaucelii)",2,,80.85,16.25,1.44,,329,,,1.15,0.15,0.26,2,0.003,0.027,14.15,0.007,,,,,
"Squid, white, small  (Uroteuthis duvauceli )",1,,79.38,17.41,1.15,,353,,,1.19,,,,,,,,,,,,
"Squid, white, small (Uroteuthis duvauceli )",,,,,,,,,,,,,,,,,,,,,,
Star fruit (Averrhoa carambola),1,110,91.18,0.79,0.39,4.51,2.81,2.17,0.64,0.33,4.97,0.023,1,0.43,0.852,0.05,0.002,0.07,0.45,0.01,,1
Stingra  y    (Dasyatis pastinaca),,,,,,,,,,,,,,,,,,,,,,
Stingray (Dasyatis pastinaca),1,,75.67,23.98,0.68,,408,,,1.14,9.16,0.01,1,0.02,0.001,0.44,0.03,0.74,0.003,,,1
Strawberry (Fragaria x ananassa),6,103,92.03,0.97,0.56,3.4,2.5,1.51,0.99,0.54,0.36,5.7,6,15.28,0.07,0.001,0.3,1.19,0.14,,,6
"Sugarcane, juice (Saccharum officinarum)",6,242,85.54,0.16,0.4,13.11,0.56,0.4,0.16,0.23,,,,,,,,,,,,6
Sunflower seeds (Helianthus annuus),5,2453,3.53,23.53,51.85,6.85,10.8,8.51,2.29,3.44,27,0.009,5,1.33,176,0.005,0.021,2.78,5.85,0.009,,5
"Sweet potato, brown skin (Ipomoea batatas)",4,456,69.21,1.33,0.26,24.25,3.99,2.57,1.43,0.96,,,,,,,,,,,,4
"Sweet potato, pink skin (Ipomoea batatas)",3,452,69.58,1.27,0.33,23.93,3.94,2.53,1.41,0.95,,,,,,,,,,,,3
T  u  n  a   (Euthynnus affinis),,,,,,,,,,,0.001,0.27,5,0.001,0.015,9.82,1.6,0.001,0.001,,,
"Tamarind leaves, tende r (Tamarindus indica)",3,299,71.69,5.84,0.49,10.04,10.7,9.34,1.36,1.25,,,,,,,,,,,,3
"Tamarind, pulp (Tamarindus indica)",6,1207,20.83,2.92,0.15,67.35,5.31,3.73,1.58,3.44,13.9,0.066,6,4.03,149,0.001,0.002,0.5,9.16,0.014,,6
Tapioca (Manihot esculenta),3,334,75.23,1.03,0.2,17.81,4.61,3.85,0.76,1.12,0.002,0.19,3,0.26,0.005,25.89,0.81,0.001,0.001,0.17,,3
Tarla  v  a   (Drepane punctata),,,,,,,,,,,,,,,,,,,,,,
Tarlava  (Drepane punctata),,,,,,,,,,,,,,,,,,,,,,
Tarlava (Drepane punctata),2,,76.76,21.72,1.2,,414,,,1.14,0.03,0.53,2,11.68,0.001,0.009,,,,,,2
Tho  l a  m    (Plectorhinchus schotaf),,,,,,,,,,,0.6,0.001,2,11.4,0.05,0.016,,,,,,
Thola  m    (Plectorhinchus schotaf),,,,,,,,,,,,,,,,,,,,,,
Tholam  (Plectorhinchus schotaf),2,,76.2,20.78,2.13,,432,,,1.06,,,,,,,,,,,,2
Tholam (Plectorhinchus schotaf),,,,,,,,,,,,,,,,,,,,,,
"Tiger Prawns, orang   e   (Penaeus monodon)",,,,,,,,,,,,,,,,,,,,,,
"Tiger Prawns, orange  (Penaeus monodon)",1,,81.48,14.25,0.74,,270,,,0.83,,,,,,,,,,,,
Tiger praw    n  s   (Macrobrachium sp.),,,,,,,,,,,,,2,,,,,,,,,
Tiger praw    n  s  (Macrobrachium sp.),,,,,,,,,,,57.9,0.007,2,0.36,0.002,4.77,0.39,0.84,0.003,,,
Tiger prawns  (Macrobrachium sp.),2,,83.24,14.24,0.66,,284,,,0.83,,,,,,,,,,,,2
"Tiger prawns, brown (Solenocera crassicornis)",1,,82.41,14.85,0.56,,273,,,0.94,,,,,,,,,,,,
Tilap  i a   (Oreochromis niloticus),,,,,,,,,,,,,,,,,,,,,,
Tilapia  (Oreochromis niloticus),1,,79.57,18.48,1.08,,349,,,1.18,,,,,,,,,,,,1
Tilapia (Oreochromis niloticus),,,,,,,,,,,0.033,0.001,1,0.86,99.39,0.65,0.04,2.84,0.011,,,
"Tinda, tender (Praecitrullus fistulosus)",6,58,94.41,1.02,0.17,1.9,2,1.68,0.32,0.51,0.001,0.08,6,0.15,0.004,19.68,0.41,0.001,20.61,0.2,,6
Toddy (Borassus flabellifer),10,,93.86,0.18,0.03,,5.72,101,10,0.21,83.54,1.64,10,0.44,0.42,0.02,0.01,,,,,10
Toddy (Saccharum officinarum),,,,,,,,,,,,,,,,,,,,,,
"Tomato, green ( ) Solanum lycopersicum",6,87,93.21,1.12,0.27,3.18,1.62,1.05,0.57,0.6,,,,,,,,,,,,6
"Tomato, green (Solanum lycopersicum)",,,,,,,,,,,0.028,0.002,6,0.18,8.49,0.001,0.06,0.42,0.002,,,
"Tomato, ripe, hybrid ( ) Solanum lycopersicum",,,,,,,,,,,,,,,,,,,,,,
"Tomato, ripe, hybrid (( ) Solanum lycopersicum",6,79,93.79,0.76,0.25,3.2,1.58,1.27,0.3,0.43,,,,,,,,,,,,
"Tomato, ripe, hybrid (Solanum lycopersicum)",,,,,,,,,,,,,,,,,,,,,,
"Tomato, ripe, local ( ) Solanum lycopersicum",,,,,,,,,,,,,,,,,,,,,,
"Tomato, ripe, local (Lycopersicon esculentum)",6,82,93.62,0.9,0.47,2.71,1.77,1.44,0.33,0.52,,,,,,,,,,,,
"Tomato, ripe, local (Solanum lycopersicum )",,,,,,,,,,,,,,,,,,,,,,
"Tomato, ripe, local (Solanum lycopersicum)",,,,,,,,,,,,,,,,,,,,,,
Tun    a  (Euthynnus affinis),,,,,,,,,,,,,,,,,,,,,,
Tuna  (Euthynnus affinis),,,,,,,,,,,,,,,,,,,,,,
Tuna (Euthynnus affinis),5,,72.12,24.5,1.44,,470,16,,1.11,,,,,,,,,,,,5
"Tuna, stri  p  e  d   (Katsuwonus pelamis)",,,,,,,,,,,0.11,1.43,1,0.001,0.002,6.45,,,,,,
"Tuna, stripe   d   (Katsuwonus pelamis)",,,,,,,,,,,,,,,,,,,,,,
"Tuna, striped  (Katsuwonus pelamis)",,,,,,,,,,,,,,,,,,,,,,
"Tuna, striped (Katsuwonus pelamis)",1,,77.76,21.28,1.12,,403,,,0.87,,,,,,,,,,,,
"Turke y, breast, with skin",,,,,,,,,,,,,,,,,,,,,,
"Turke y, leg, with skin",,,,,,,,,,,,,,,,,,,,,,
"Turke y, thigh, with skin",,,,,,,,,,,,,,,,,,,,,,
"Turke y, wing, with skin",,,,,,,,,,,,,,,,,,,,,,
"Turkey, breast, with skin",1,,68.44,21.96,8.04,,671,,,1.01,,,1,,,,,,,,26.43,1
"Turkey, leg, with skin",1,,69.24,20.3,8.15,,647,,,1.21,,,1,,,,,,,,18.46,1
"Turkey, thigh, with skin",1,,72.17,20.46,6.31,,581,,,0.97,,,1,,,,,,,,25.36,1
"Turkey, wing, with skin",1,,66.16,21.91,10.77,,771,,,0.97,,,1,,,,,,,,18.43,1
Turmeric powder (Curcuma domestica),6,1174,10.58,7.66,5.03,49.22,21.38,18.79,2.59,6.13,122,20.9,6,12.55,0.001,1.84,0.151,0.039,0.44,46.08,,6
V   o  r a   (Siganus javus),,,,,,,,,,,,,2,,,,,,,,,
V   o  r a  (Siganus javus),,,,,,,,,,,0.27,0.001,2,7.64,0.01,0.016,,,,,,
Vala   v  a    (Chirocentrus nudus),,,,,,,,,,,,,1,,,,,,,,,
Vala   v  a   (Chirocentrus nudus),,,,,,,,,,,0.24,0.002,1,37.06,0.03,0.004,,,,,,
Valav  a    (Chirocentrus nudus),,,,,,,,,,,,,,,,,,,,,,
Valava (Chirocentrus nudus),1,,77.25,21.8,1.06,,410,,,1.27,,,,,,,,,,,,1
Vanjara  m    (Scomberomorus commerson ),,,,,,,,,,,,,,,,,,,,,,
Vanjaram  (Scomberomorus commerson ),2,,72.3,22.28,5.18,,570,,,1.33,,,,,,,,,,,,
Vanjaram  (Scomberomorus commerson),,,,,,,,,,,,,,,,,,,,,,
Varagu ( Paspalum scrobiculatum),,,,,,,,,,,,,,,,,,,,,,
Varagu (Paspalum scrobiculatum ),,,,,,,,,,,,,,,,,,,,,,5
Varagu (Paspalum scrobiculatum),,,,,,,,,,,0.005,0.26,5,1.07,0.021,15.27,2.34,0.027,5.2,94,,
Varagu (Setaria italica),,,,,,,,,,,,,,,,,,,,,,
Vela me   e  n    (Aprion virescens),,,,,,,,,,,0.08,0.64,1,14.9,0.009,0.045,,,,,,
Vela me   e  n   (Aprion virescens),,,,,,,,,,,,,1,,,,,,,,,
Vela mee  n    (Aprion virescens),,,,,,,,,,,,,,,,,,,,,,
Vela meen (Aprion virescens),1,,71.82,22.16,4.34,,537,,,1.34,,,,,,,,,,,,1
Vo  r  a   (Siganus javus),,,,,,,,,,,,,,,,,,,,,,
Vo  r  a  (Siganus javus),,,,,,,,,,,,,,,,,,,,,,
Vora  (Siganus javus),2,,76.94,20.14,2.14,,422,,,1.26,,,,,,,,,,,,2
Walnut (Juglans regia),6,2809,3.56,14.92,64.27,10.14,5.39,4.74,0.65,1.72,5.9,0.006,6,0.37,105,0.46,0.009,1.52,3.21,0.015,4.12,6
Water Chestnut (Eleocharis dulcis),1,400,73.34,0.86,0.37,21.46,3.02,2.15,0.87,0.95,37.15,0.014,1,0.11,0.001,0.6,0.003,0.19,0.77,0.029,,1
"Water melon, dark green (sugar baby) (Citrullus vulgaris)",,,,,,,,,,,,,,,,,,,,,,
"Water melon, pale green (Citrullus vulgaris)",6,70,95.33,0.59,0.16,3.02,0.78,0.4,0.38,0.12,,,,,,,,,,,,6
Whale sh   a  r k   (Galeocerdo cuvier),,,,,,,,,,,0.002,0.1,1,0.001,0.006,8.32,0.33,0.003,,,,
Whale sh   a  r k  (Galeocerdo cuvier),,,,,,,,,,,,,1,,,,,,,,,
Whale sha  r k   (Galeocerdo cuvier),,,,,,,,,,,,,,,,,,,,,,
Whale sha  r k  (Galeocerdo cuvier),,,,,,,,,,,,,,,,,,,,,,
Whale shark,,,,,,,,,,,,,,,,,,,,,,
Whale shark  (Galeocerdo cuvier),1,,77.59,21.83,0.82,,401,,,1.48,,,,,,,,,,,,
"Wheat flour, atta (Triticum aestivum)",6,1340,11.1,10.57,1.53,64.17,11.36,9.73,1.63,1.28,0.006,0.006,6,1.54,30.94,0.001,0.48,4.1,0.006,0.002,,6
"Wheat flour, refined (Triticum aestivum)",,,,,,,,,,,0.005,0.001,6,0.94,20.4,0.001,0.17,1.77,0.004,0.003,,6
"Wheat, bulgur (Triticum aestivum)",6,1430,8.61,10.84,1.45,69.06,8.81,6.56,2.25,1.23,27.09,0.007,6,0.43,0.001,0.4,0.001,0.4,3.86,0.008,,6
"Wheat, semolina (Triticum aestivum)",6,1396,8.94,11.38,0.74,68.43,9.72,8.16,1.55,0.8,0.006,0.003,6,0.64,29.38,0.002,0.46,2.98,0.004,0.002,,6
"Wheat, vermicelli (Triticum aestivum)",6,1392,9.59,9.7,0.45,70.39,9.28,7.53,1.75,0.6,0.006,0.002,6,1.15,19.42,0.001,0.19,2.02,0.008,0.001,,6
"Wheat, vermicelli, roasted (Triticum aestivum)",6,1423,7.61,10.37,0.49,71.42,9.55,7.79,1.76,0.56,,,,,,,,,,,,
"Wheat, whole (Triticum aestivum)",6,1347,10.58,10.59,1.47,64.72,11.23,9.63,1.6,1.42,0.006,0.003,6,0.55,39.36,0.002,0.49,3.97,0.005,59.6,,6
Wood Apple (Limonia acidissima),3,327,79.36,3.14,3.62,7.52,5.21,3.77,1.44,1.15,0.001,0.2,3,0.09,0.004,55.71,0.45,0.004,1.48,0.31,,3
Xiph  i n  i s   (Xiphias gladius),,,,,,,,,,,0.03,0.54,1,0.002,0.01,12.08,0.002,,,,,
Xiphin  i s   (Xiphias gladius),,,,,,,,,,,,,,,,,,,,,,
Xiphinis  (Xiphias gladius),1,,79.22,19.82,0.88,,370,,,1.15,,,,,,,,,,,,1
"Yam, elephant (Amorphophallus campanulatus)",6,353,74.39,2.56,0.14,17.46,4.17,3.25,0.92,1.29,,,,,,,,,,,,
"Yam, ordinary ( ) Amorphophallus  sp.",4,349,74.28,2.18,0.17,17.65,4.08,3.32,0.76,1.64,,,,,,,,,,,,
"Yam, ordinary (Amorphophallus  sp.)",,,,,,,,,,,,,,,,,,,,,,
"Yam, ordinary (Amorphophallus ) sp.",,,,,,,,,,,,,,,,,,,,,,
"Yam, ordinary (Amorphophallus sp.)",,,,,,,,,,,0.001,0.23,4,0.46,0.006,16.19,0.77,,,,5.5,4
"Yam, wild ( ) Dioscorea villosa",2,430,69.35,3.07,0.3,20.95,4.57,3.29,1.29,1.76,,,,,,,,,,,6,2
"Yam, wild (Dioscorea ) villosa",,,,,,,,,,,0.003,0.21,2,0.21,44.13,0.001,1.04,0.006,0.56,12.8,,
"Yam, wild (Dioscorea villosa)",,,,,,,,,,,,,,,,,,,,,,
"Z.Eggs, Cat fish (Ompok bimaculatus)",1,,69.34,24.68,5.28,,600,,,1.57,,,,,,,,,,,,
Zizyphus,,,,,,,,,,,,,,,,,,,,,,
Zizyphus  (Zizyphus jujube),,,,,,,,,,,,,,,,,,,,,,
Zizyphus (Zizyphus jujube),,,,,,,,,,,0.12,0.4,1,0.11,0.006,46.55,0.001,1.52,0.1,,,1
"Zucchini, green (Cucurbita pepo)",2,84,92.83,1.1,0.51,2.33,2.3,1.42,0.88,0.93,0.52,0.21,2,17.26,0.07,0.002,0.4,0.29,,,,2
"Zucchini, yellow",,,,,,,,,,,,,,,,,,,,,,
"Zucchini, yellow  (Cucurbita pepo)",2,79,93.15,1.31,0.44,2.2,1.84,1.37,0.47,1.08,,,,,,,,,,,,
"Zucchini, yellow (Cucurbita pepo)",,,,,,,,,,,0.34,0.3,2,20.98,0.11,0.003,0.39,0.27,,,,2
